"","variable","value","QrtEstimate","Lower","Upper"
"1","Rep",-0.147897626308671,2,FALSE,FALSE
"2","Rep",-0.149311375887974,2,FALSE,FALSE
"3","Rep",-0.118888744564514,2,FALSE,FALSE
"4","Rep",-0.118884749105394,2,FALSE,FALSE
"5","Rep",-0.103994189310526,2,FALSE,FALSE
"6","Rep",-0.0898862713849681,2,FALSE,FALSE
"7","Rep",-0.117507369888536,2,FALSE,FALSE
"8","Rep",-0.0831117485673438,2,FALSE,FALSE
"9","Rep",-0.0960314427278612,2,FALSE,FALSE
"10","Rep",-0.118827014795424,2,FALSE,FALSE
"11","Rep",-0.135805917751347,2,FALSE,FALSE
"13","Rep",-0.0869395682658516,2,FALSE,FALSE
"14","Rep",-0.150514391035055,2,FALSE,FALSE
"15","Rep",-0.138582665383402,2,FALSE,FALSE
"16","Rep",-0.126172871777434,2,FALSE,FALSE
"17","Rep",-0.145743196973612,2,FALSE,FALSE
"18","Rep",-0.0905706264744028,2,FALSE,FALSE
"19","Rep",-0.0827175087988502,2,FALSE,FALSE
"21","Rep",-0.112835762893613,2,FALSE,FALSE
"22","Rep",-0.149510712689091,2,FALSE,FALSE
"23","Rep",-0.0647684083259609,2,FALSE,FALSE
"24","Rep",-0.09942787282612,2,FALSE,FALSE
"25","Rep",-0.135775053067511,2,FALSE,FALSE
"26","Rep",-0.125219545539626,2,FALSE,FALSE
"27","Rep",-0.0639944062107137,2,FALSE,FALSE
"28","Rep",-0.11461860828851,2,FALSE,FALSE
"29","Rep",-0.0848413728247348,2,FALSE,FALSE
"30","Rep",-0.110998927080256,2,FALSE,FALSE
"31","Rep",-0.0778438249059779,2,FALSE,FALSE
"32","Rep",-0.0967382788536739,2,FALSE,FALSE
"33","Rep",-0.13529324443564,2,FALSE,FALSE
"34","Rep",-0.0961508474165844,2,FALSE,FALSE
"35","Rep",-0.0702051394070667,2,FALSE,FALSE
"36","Rep",-0.104464472423664,2,FALSE,FALSE
"37","Rep",-0.1476915250308,2,FALSE,FALSE
"38","Rep",-0.115298091428579,2,FALSE,FALSE
"39","Rep",-0.0971389734076003,2,FALSE,FALSE
"40","Rep",-0.0975166124169008,2,FALSE,FALSE
"41","Rep",-0.174621089330816,2,FALSE,FALSE
"42","Rep",-0.15735636639027,2,FALSE,FALSE
"43","Rep",-0.098505303104382,2,FALSE,FALSE
"44","Rep",-0.129709982421531,2,FALSE,FALSE
"45","Rep",-0.128102198313616,2,FALSE,FALSE
"46","Rep",-0.162074457213623,2,FALSE,FALSE
"47","Rep",-0.122758248687122,2,FALSE,FALSE
"48","Rep",-0.109848459872196,2,FALSE,FALSE
"49","Rep",-0.155561508394993,2,FALSE,FALSE
"50","Rep",-0.0963991639692136,2,FALSE,FALSE
"51","Rep",-0.093411970204876,2,FALSE,FALSE
"52","Rep",-0.166925074398586,2,FALSE,FALSE
"53","Rep",-0.0931063752172934,2,FALSE,FALSE
"54","Rep",-0.125067640146319,2,FALSE,FALSE
"55","Rep",-0.133135595562405,2,FALSE,FALSE
"56","Rep",-0.149859580265402,2,FALSE,FALSE
"57","Rep",-0.139359630278134,2,FALSE,FALSE
"58","Rep",-0.0993319131734662,2,FALSE,FALSE
"59","Rep",-0.105925315349169,2,FALSE,FALSE
"61","Rep",-0.107188888735764,2,FALSE,FALSE
"62","Rep",-0.154948759895205,2,FALSE,FALSE
"63","Rep",-0.0816369184445322,2,FALSE,FALSE
"64","Rep",-0.142732597385598,2,FALSE,FALSE
"65","Rep",-0.13680690277975,2,FALSE,FALSE
"66","Rep",-0.12184518240398,2,FALSE,FALSE
"67","Rep",-0.130660700288108,2,FALSE,FALSE
"68","Rep",-0.153744136198345,2,FALSE,FALSE
"69","Rep",-0.0830622734671204,2,FALSE,FALSE
"70","Rep",-0.144994845129711,2,FALSE,FALSE
"71","Rep",-0.101717630442284,2,FALSE,FALSE
"72","Rep",-0.121616982691398,2,FALSE,FALSE
"73","Rep",-0.142249699298666,2,FALSE,FALSE
"74","Rep",-0.0829137816663396,2,FALSE,FALSE
"75","Rep",-0.0950056522126707,2,FALSE,FALSE
"76","Rep",-0.0779641336980047,2,FALSE,FALSE
"77","Rep",-0.115413361531738,2,FALSE,FALSE
"78","Rep",-0.0983283327199126,2,FALSE,FALSE
"79","Rep",-0.0804911519255583,2,FALSE,FALSE
"80","Rep",-0.128018478668523,2,FALSE,FALSE
"82","Rep",-0.0783529955871424,2,FALSE,FALSE
"84","Rep",-0.124411050074844,2,FALSE,FALSE
"85","Rep",-0.10729860861214,2,FALSE,FALSE
"86","Rep",-0.105349160549447,2,FALSE,FALSE
"87","Rep",-0.107563142499784,2,FALSE,FALSE
"88","Rep",-0.11273896089388,2,FALSE,FALSE
"89","Rep",-0.175257437334148,2,FALSE,FALSE
"90","Rep",-0.140776588794996,2,FALSE,FALSE
"91","Rep",-0.121109036802106,2,FALSE,FALSE
"92","Rep",-0.111574232986972,2,FALSE,FALSE
"93","Rep",-0.121615383291614,2,FALSE,FALSE
"94","Rep",-0.162070003771902,2,FALSE,FALSE
"95","Rep",-0.154901433685266,2,FALSE,FALSE
"96","Rep",-0.137056614191972,2,FALSE,FALSE
"97","Rep",-0.116418703887681,2,FALSE,FALSE
"98","Rep",-0.0656146864932336,2,FALSE,FALSE
"99","Rep",-0.170618915671127,2,FALSE,FALSE
"100","Rep",-0.134148848609034,2,FALSE,FALSE
"101","Rep",-0.13432880240806,2,FALSE,FALSE
"102","Rep",-0.121626740142153,2,FALSE,FALSE
"103","Rep",-0.121920045717949,2,FALSE,FALSE
"104","Rep",-0.102899315049432,2,FALSE,FALSE
"105","Rep",-0.108143726747464,2,FALSE,FALSE
"106","Rep",-0.126033502090085,2,FALSE,FALSE
"107","Rep",-0.0961029020354482,2,FALSE,FALSE
"108","Rep",-0.106441779221642,2,FALSE,FALSE
"109","Rep",-0.146432151790836,2,FALSE,FALSE
"110","Rep",-0.106939237070876,2,FALSE,FALSE
"111","Rep",-0.102201054459297,2,FALSE,FALSE
"112","Rep",-0.131680492770181,2,FALSE,FALSE
"113","Rep",-0.134438689702793,2,FALSE,FALSE
"114","Rep",-0.150329075195662,2,FALSE,FALSE
"117","Rep",-0.105533855210153,2,FALSE,FALSE
"118","Rep",-0.150186388740456,2,FALSE,FALSE
"119","Rep",-0.110356507236979,2,FALSE,FALSE
"120","Rep",-0.0742829777329452,2,FALSE,FALSE
"121","Rep",-0.109986860643144,2,FALSE,FALSE
"122","Rep",-0.107189598052921,2,FALSE,FALSE
"123","Rep",-0.141225156479783,2,FALSE,FALSE
"124","Rep",-0.119383448646052,2,FALSE,FALSE
"125","Rep",-0.161806559364642,2,FALSE,FALSE
"126","Rep",-0.0670616849075658,2,FALSE,FALSE
"127","Rep",-0.0730006566097774,2,FALSE,FALSE
"128","Rep",-0.0966915811364132,2,FALSE,FALSE
"129","Rep",-0.0829960707529372,2,FALSE,FALSE
"130","Rep",-0.118483579385777,2,FALSE,FALSE
"131","Rep",-0.0964492647971794,2,FALSE,FALSE
"132","Rep",-0.132535020596266,2,FALSE,FALSE
"133","Rep",-0.117047453042975,2,FALSE,FALSE
"134","Rep",-0.116130980552394,2,FALSE,FALSE
"135","Rep",-0.0840577308357289,2,FALSE,FALSE
"136","Rep",-0.174006967268299,2,FALSE,FALSE
"137","Rep",-0.164367474392259,2,FALSE,FALSE
"138","Rep",-0.121027353974065,2,FALSE,FALSE
"139","Rep",-0.121888892169011,2,FALSE,FALSE
"140","Rep",-0.16664764730628,2,FALSE,FALSE
"141","Rep",-0.0906190412624095,2,FALSE,FALSE
"142","Rep",-0.14878288862115,2,FALSE,FALSE
"143","Rep",-0.103136093051807,2,FALSE,FALSE
"144","Rep",-0.147126749389638,2,FALSE,FALSE
"145","Rep",-0.128237372400961,2,FALSE,FALSE
"146","Rep",-0.133843731722325,2,FALSE,FALSE
"147","Rep",-0.0933005013263401,2,FALSE,FALSE
"148","Rep",-0.098432034855768,2,FALSE,FALSE
"149","Rep",-0.142213755627425,2,FALSE,FALSE
"150","Rep",-0.131677721072872,2,FALSE,FALSE
"151","Rep",-0.116036247180058,2,FALSE,FALSE
"152","Rep",-0.131459809498101,2,FALSE,FALSE
"153","Rep",-0.153148584251897,2,FALSE,FALSE
"154","Rep",-0.107871952097872,2,FALSE,FALSE
"155","Rep",-0.144568291474276,2,FALSE,FALSE
"156","Rep",-0.144936486835897,2,FALSE,FALSE
"157","Rep",-0.126266017562493,2,FALSE,FALSE
"158","Rep",-0.116900819464108,2,FALSE,FALSE
"159","Rep",-0.163229477203318,2,FALSE,FALSE
"160","Rep",-0.123433700353009,2,FALSE,FALSE
"161","Rep",-0.136456092965017,2,FALSE,FALSE
"162","Rep",-0.144832258202018,2,FALSE,FALSE
"163","Rep",-0.124830080615974,2,FALSE,FALSE
"164","Rep",-0.068890929718732,2,FALSE,FALSE
"165","Rep",-0.136294470337647,2,FALSE,FALSE
"166","Rep",-0.112951664418485,2,FALSE,FALSE
"167","Rep",-0.100536628793412,2,FALSE,FALSE
"168","Rep",-0.147362874535789,2,FALSE,FALSE
"169","Rep",-0.160763506373451,2,FALSE,FALSE
"170","Rep",-0.140324313070004,2,FALSE,FALSE
"171","Rep",-0.123002158302314,2,FALSE,FALSE
"172","Rep",-0.139363185939926,2,FALSE,FALSE
"173","Rep",-0.115438232704833,2,FALSE,FALSE
"174","Rep",-0.124426167164991,2,FALSE,FALSE
"175","Rep",-0.104709711765901,2,FALSE,FALSE
"176","Rep",-0.120961996718902,2,FALSE,FALSE
"177","Rep",-0.0989014960172921,2,FALSE,FALSE
"178","Rep",-0.121689643593662,2,FALSE,FALSE
"179","Rep",-0.131924320908184,2,FALSE,FALSE
"180","Rep",-0.120293038987115,2,FALSE,FALSE
"181","Rep",-0.0995120644668405,2,FALSE,FALSE
"182","Rep",-0.156634879407765,2,FALSE,FALSE
"183","Rep",-0.114196603056191,2,FALSE,FALSE
"184","Rep",-0.111388142690505,2,FALSE,FALSE
"185","Rep",-0.111601099596703,2,FALSE,FALSE
"186","Rep",-0.137000343613938,2,FALSE,FALSE
"187","Rep",-0.0751823936196492,2,FALSE,FALSE
"188","Rep",-0.128863983236299,2,FALSE,FALSE
"189","Rep",-0.148635773592779,2,FALSE,FALSE
"190","Rep",-0.123300375481688,2,FALSE,FALSE
"191","Rep",-0.125906480296252,2,FALSE,FALSE
"192","Rep",-0.127196734817615,2,FALSE,FALSE
"193","Rep",-0.125292581723335,2,FALSE,FALSE
"194","Rep",-0.168916178596004,2,FALSE,FALSE
"195","Rep",-0.102450136675096,2,FALSE,FALSE
"196","Rep",-0.142201923608775,2,FALSE,FALSE
"197","Rep",-0.175130803134175,2,FALSE,FALSE
"199","Rep",-0.0922082961089017,2,FALSE,FALSE
"200","Rep",-0.124677951466844,2,FALSE,FALSE
"201","Rep",-0.149951329895778,2,FALSE,FALSE
"202","Rep",-0.090678544070734,2,FALSE,FALSE
"203","Rep",-0.130543459336839,2,FALSE,FALSE
"204","Rep",-0.112643216726397,2,FALSE,FALSE
"205","Rep",-0.104255638616844,2,FALSE,FALSE
"206","Rep",-0.110543618471083,2,FALSE,FALSE
"207","Rep",-0.104374513163019,2,FALSE,FALSE
"208","Rep",-0.118959220398316,2,FALSE,FALSE
"209","Rep",-0.137683004659921,2,FALSE,FALSE
"210","Rep",-0.144899353580475,2,FALSE,FALSE
"211","Rep",-0.0882131542709315,2,FALSE,FALSE
"212","Rep",-0.0971109038647393,2,FALSE,FALSE
"213","Rep",-0.153217414895467,2,FALSE,FALSE
"215","Rep",-0.108107235163332,2,FALSE,FALSE
"216","Rep",-0.153230696301454,2,FALSE,FALSE
"217","Rep",-0.108241922748739,2,FALSE,FALSE
"218","Rep",-0.161604324958003,2,FALSE,FALSE
"219","Rep",-0.0994126231040883,2,FALSE,FALSE
"220","Rep",-0.111637967411544,2,FALSE,FALSE
"222","Rep",-0.147781599122776,2,FALSE,FALSE
"223","Rep",-0.0665110060077732,2,FALSE,FALSE
"224","Rep",-0.0999263078183105,2,FALSE,FALSE
"225","Rep",-0.0716123164693928,2,FALSE,FALSE
"226","Rep",-0.097051302832833,2,FALSE,FALSE
"227","Rep",-0.142137554721343,2,FALSE,FALSE
"228","Rep",-0.0878329694967846,2,FALSE,FALSE
"229","Rep",-0.110159933023133,2,FALSE,FALSE
"230","Rep",-0.102444941876301,2,FALSE,FALSE
"231","Rep",-0.152152879582356,2,FALSE,FALSE
"232","Rep",-0.110523735159017,2,FALSE,FALSE
"233","Rep",-0.112290671549457,2,FALSE,FALSE
"234","Rep",-0.117866280653849,2,FALSE,FALSE
"235","Rep",-0.163091187999752,2,FALSE,FALSE
"236","Rep",-0.160918603062398,2,FALSE,FALSE
"237","Rep",-0.0880657536114963,2,FALSE,FALSE
"238","Rep",-0.101775593497742,2,FALSE,FALSE
"239","Rep",-0.11086448729879,2,FALSE,FALSE
"240","Rep",-0.134423693989528,2,FALSE,FALSE
"241","Rep",-0.105630538608402,2,FALSE,FALSE
"242","Rep",-0.144027235565139,2,FALSE,FALSE
"243","Rep",-0.125722313686298,2,FALSE,FALSE
"245","Rep",-0.146126345297366,2,FALSE,FALSE
"246","Rep",-0.121602701275554,2,FALSE,FALSE
"247","Rep",-0.0986133482375073,2,FALSE,FALSE
"248","Rep",-0.149732931658587,2,FALSE,FALSE
"249","Rep",-0.0887289136563976,2,FALSE,FALSE
"250","Rep",-0.104888050459426,2,FALSE,FALSE
"251","Rep",-0.0833905144270226,2,FALSE,FALSE
"252","Rep",-0.116798225678666,2,FALSE,FALSE
"253","Rep",-0.128613184820879,2,FALSE,FALSE
"254","Rep",-0.129104633894593,2,FALSE,FALSE
"256","Rep",-0.116590449828299,2,FALSE,FALSE
"257","Rep",-0.150966677358464,2,FALSE,FALSE
"258","Rep",-0.072044661853932,2,FALSE,FALSE
"259","Rep",-0.120786063488149,2,FALSE,FALSE
"260","Rep",-0.140536320314708,2,FALSE,FALSE
"261","Rep",-0.116528468238381,2,FALSE,FALSE
"262","Rep",-0.129111585390151,2,FALSE,FALSE
"263","Rep",-0.0980986134881658,2,FALSE,FALSE
"264","Rep",-0.122145156957573,2,FALSE,FALSE
"265","Rep",-0.122490558270679,2,FALSE,FALSE
"267","Rep",-0.122583014346602,2,FALSE,FALSE
"268","Rep",-0.126768722993368,2,FALSE,FALSE
"269","Rep",-0.138622876488148,2,FALSE,FALSE
"270","Rep",-0.170167352731398,2,FALSE,FALSE
"271","Rep",-0.136871737368669,2,FALSE,FALSE
"272","Rep",-0.138112250148432,2,FALSE,FALSE
"273","Rep",-0.105362287580036,2,FALSE,FALSE
"274","Rep",-0.0987739329253702,2,FALSE,FALSE
"275","Rep",-0.13745777314972,2,FALSE,FALSE
"276","Rep",-0.154296784551809,2,FALSE,FALSE
"277","Rep",-0.0928138903698353,2,FALSE,FALSE
"278","Rep",-0.161088803761916,2,FALSE,FALSE
"279","Rep",-0.172303601612086,2,FALSE,FALSE
"280","Rep",-0.0792137132380517,2,FALSE,FALSE
"281","Rep",-0.121299892283866,2,FALSE,FALSE
"283","Rep",-0.120724028197153,2,FALSE,FALSE
"284","Rep",-0.114654878444471,2,FALSE,FALSE
"285","Rep",-0.128136770774235,2,FALSE,FALSE
"287","Rep",-0.125559885438028,2,FALSE,FALSE
"288","Rep",-0.125611421482405,2,FALSE,FALSE
"289","Rep",-0.109047507448571,2,FALSE,FALSE
"290","Rep",-0.0995632319133233,2,FALSE,FALSE
"291","Rep",-0.164605648183978,2,FALSE,FALSE
"292","Rep",-0.109210654125014,2,FALSE,FALSE
"293","Rep",-0.121018565296605,2,FALSE,FALSE
"294","Rep",-0.0826176972505861,2,FALSE,FALSE
"295","Rep",-0.105857097336219,2,FALSE,FALSE
"296","Rep",-0.135870808554783,2,FALSE,FALSE
"297","Rep",-0.128961750151935,2,FALSE,FALSE
"298","Rep",-0.105226375225922,2,FALSE,FALSE
"299","Rep",-0.108822815768229,2,FALSE,FALSE
"300","Rep",-0.127747614609142,2,FALSE,FALSE
"301","Rep",-0.110671208076888,2,FALSE,FALSE
"302","Rep",-0.138878599304413,2,FALSE,FALSE
"303","Rep",-0.136440252807715,2,FALSE,FALSE
"304","Rep",-0.108634523294777,2,FALSE,FALSE
"306","Rep",-0.138199261829364,2,FALSE,FALSE
"308","Rep",-0.0722546721699529,2,FALSE,FALSE
"309","Rep",-0.0894214311544497,2,FALSE,FALSE
"310","Rep",-0.163007478927453,2,FALSE,FALSE
"311","Rep",-0.0934329658328132,2,FALSE,FALSE
"312","Rep",-0.0707451796950243,2,FALSE,FALSE
"313","Rep",-0.111709583707516,2,FALSE,FALSE
"314","Rep",-0.0962989428019437,2,FALSE,FALSE
"315","Rep",-0.0837664210615045,2,FALSE,FALSE
"316","Rep",-0.114252048293783,2,FALSE,FALSE
"317","Rep",-0.0862426721965204,2,FALSE,FALSE
"318","Rep",-0.137573893931147,2,FALSE,FALSE
"319","Rep",-0.153118180240229,2,FALSE,FALSE
"320","Rep",-0.128170360781817,2,FALSE,FALSE
"321","Rep",-0.125813359546592,2,FALSE,FALSE
"322","Rep",-0.125081111258583,2,FALSE,FALSE
"323","Rep",-0.105543171541087,2,FALSE,FALSE
"324","Rep",-0.13361043386705,2,FALSE,FALSE
"325","Rep",-0.132319820499595,2,FALSE,FALSE
"326","Rep",-0.11911494283051,2,FALSE,FALSE
"327","Rep",-0.111879030447156,2,FALSE,FALSE
"328","Rep",-0.157074559563201,2,FALSE,FALSE
"329","Rep",-0.120172786183216,2,FALSE,FALSE
"330","Rep",-0.118663400384435,2,FALSE,FALSE
"331","Rep",-0.148625033650993,2,FALSE,FALSE
"332","Rep",-0.11415581239081,2,FALSE,FALSE
"333","Rep",-0.137277093470085,2,FALSE,FALSE
"334","Rep",-0.124886878843186,2,FALSE,FALSE
"335","Rep",-0.125982764407339,2,FALSE,FALSE
"336","Rep",-0.114456421674545,2,FALSE,FALSE
"337","Rep",-0.154220909581791,2,FALSE,FALSE
"338","Rep",-0.16523111463873,2,FALSE,FALSE
"339","Rep",-0.149612766227864,2,FALSE,FALSE
"340","Rep",-0.156701641178158,2,FALSE,FALSE
"341","Rep",-0.119523686540749,2,FALSE,FALSE
"342","Rep",-0.109247310138721,2,FALSE,FALSE
"343","Rep",-0.133896590234112,2,FALSE,FALSE
"344","Rep",-0.0918539099365694,2,FALSE,FALSE
"345","Rep",-0.118368556660642,2,FALSE,FALSE
"346","Rep",-0.162851596096267,2,FALSE,FALSE
"347","Rep",-0.0835427103693705,2,FALSE,FALSE
"348","Rep",-0.148158703513792,2,FALSE,FALSE
"349","Rep",-0.119021007574869,2,FALSE,FALSE
"350","Rep",-0.0979596976500246,2,FALSE,FALSE
"351","Rep",-0.0705385450805642,2,FALSE,FALSE
"352","Rep",-0.124447841902071,2,FALSE,FALSE
"353","Rep",-0.111433423122105,2,FALSE,FALSE
"354","Rep",-0.15140199434879,2,FALSE,FALSE
"355","Rep",-0.130112891853887,2,FALSE,FALSE
"356","Rep",-0.078925709446095,2,FALSE,FALSE
"357","Rep",-0.112093027431807,2,FALSE,FALSE
"358","Rep",-0.168262571680365,2,FALSE,FALSE
"359","Rep",-0.115451166897191,2,FALSE,FALSE
"360","Rep",-0.131156449700571,2,FALSE,FALSE
"361","Rep",-0.0976539092926489,2,FALSE,FALSE
"362","Rep",-0.112646225992293,2,FALSE,FALSE
"363","Rep",-0.0916456790146084,2,FALSE,FALSE
"364","Rep",-0.146811655525051,2,FALSE,FALSE
"365","Rep",-0.104264621459504,2,FALSE,FALSE
"366","Rep",-0.139072576004472,2,FALSE,FALSE
"367","Rep",-0.171910153246483,2,FALSE,FALSE
"368","Rep",-0.104239024684654,2,FALSE,FALSE
"372","Rep",-0.120631571412446,2,FALSE,FALSE
"373","Rep",-0.132324378274653,2,FALSE,FALSE
"374","Rep",-0.109714861736991,2,FALSE,FALSE
"375","Rep",-0.11681932260438,2,FALSE,FALSE
"376","Rep",-0.126828184068817,2,FALSE,FALSE
"377","Rep",-0.148232354015537,2,FALSE,FALSE
"378","Rep",-0.130463525429839,2,FALSE,FALSE
"379","Rep",-0.152826840255957,2,FALSE,FALSE
"380","Rep",-0.0865063141089077,2,FALSE,FALSE
"381","Rep",-0.0825824841381489,2,FALSE,FALSE
"382","Rep",-0.140575116154024,2,FALSE,FALSE
"383","Rep",-0.0877250895234959,2,FALSE,FALSE
"384","Rep",-0.127174787843014,2,FALSE,FALSE
"385","Rep",-0.127071462875301,2,FALSE,FALSE
"386","Rep",-0.0672402384102225,2,FALSE,FALSE
"387","Rep",-0.117873219213439,2,FALSE,FALSE
"388","Rep",-0.132314360362745,2,FALSE,FALSE
"389","Rep",-0.122462896785136,2,FALSE,FALSE
"390","Rep",-0.0640509128354201,2,FALSE,FALSE
"391","Rep",-0.16900496869187,2,FALSE,FALSE
"392","Rep",-0.141793510113675,2,FALSE,FALSE
"393","Rep",-0.0638608190607554,2,FALSE,FALSE
"394","Rep",-0.109406405941555,2,FALSE,FALSE
"396","Rep",-0.131996419302852,2,FALSE,FALSE
"397","Rep",-0.135634148200699,2,FALSE,FALSE
"398","Rep",-0.100328743482924,2,FALSE,FALSE
"399","Rep",-0.112619822903963,2,FALSE,FALSE
"400","Rep",-0.136340199628565,2,FALSE,FALSE
"401","Rep",-0.0853798272384433,2,FALSE,FALSE
"402","Rep",-0.0955969406771288,2,FALSE,FALSE
"403","Rep",-0.155186615267675,2,FALSE,FALSE
"404","Rep",-0.141630470898154,2,FALSE,FALSE
"405","Rep",-0.132286460055623,2,FALSE,FALSE
"406","Rep",-0.145809283046046,2,FALSE,FALSE
"407","Rep",-0.0644041776261369,2,FALSE,FALSE
"408","Rep",-0.0716935754102072,2,FALSE,FALSE
"409","Rep",-0.120451928422865,2,FALSE,FALSE
"410","Rep",-0.0935744832621771,2,FALSE,FALSE
"411","Rep",-0.149971507936147,2,FALSE,FALSE
"412","Rep",-0.131757950828166,2,FALSE,FALSE
"413","Rep",-0.142338106622408,2,FALSE,FALSE
"414","Rep",-0.0908528276522944,2,FALSE,FALSE
"415","Rep",-0.108718977019808,2,FALSE,FALSE
"416","Rep",-0.100051425092647,2,FALSE,FALSE
"417","Rep",-0.116096024589645,2,FALSE,FALSE
"418","Rep",-0.097985706520008,2,FALSE,FALSE
"419","Rep",-0.155233691464989,2,FALSE,FALSE
"420","Rep",-0.113270667355935,2,FALSE,FALSE
"421","Rep",-0.0684539696119103,2,FALSE,FALSE
"422","Rep",-0.115899785728693,2,FALSE,FALSE
"423","Rep",-0.0959888447574408,2,FALSE,FALSE
"424","Rep",-0.130474264378029,2,FALSE,FALSE
"425","Rep",-0.118359836478034,2,FALSE,FALSE
"426","Rep",-0.0965987329347589,2,FALSE,FALSE
"427","Rep",-0.125785579790235,2,FALSE,FALSE
"429","Rep",-0.0794739891158007,2,FALSE,FALSE
"430","Rep",-0.164993156662882,2,FALSE,FALSE
"431","Rep",-0.115324311434495,2,FALSE,FALSE
"432","Rep",-0.140690419006484,2,FALSE,FALSE
"433","Rep",-0.164103595031806,2,FALSE,FALSE
"434","Rep",-0.130205413997683,2,FALSE,FALSE
"435","Rep",-0.139392121381122,2,FALSE,FALSE
"436","Rep",-0.10976086672358,2,FALSE,FALSE
"437","Rep",-0.105124145473606,2,FALSE,FALSE
"438","Rep",-0.147911554829025,2,FALSE,FALSE
"439","Rep",-0.120436948098257,2,FALSE,FALSE
"440","Rep",-0.13346099882541,2,FALSE,FALSE
"441","Rep",-0.162491181413113,2,FALSE,FALSE
"442","Rep",-0.109281551843305,2,FALSE,FALSE
"444","Rep",-0.131862837684474,2,FALSE,FALSE
"446","Rep",-0.141531609874884,2,FALSE,FALSE
"447","Rep",-0.149167565895645,2,FALSE,FALSE
"448","Rep",-0.107054814366717,2,FALSE,FALSE
"449","Rep",-0.147395588084157,2,FALSE,FALSE
"450","Rep",-0.127976860004358,2,FALSE,FALSE
"451","Rep",-0.1424480974733,2,FALSE,FALSE
"453","Rep",-0.134991949462674,2,FALSE,FALSE
"454","Rep",-0.154846857352967,2,FALSE,FALSE
"455","Rep",-0.121159812901906,2,FALSE,FALSE
"456","Rep",-0.128541222891077,2,FALSE,FALSE
"458","Rep",-0.172037854026701,2,FALSE,FALSE
"459","Rep",-0.107738984241655,2,FALSE,FALSE
"460","Rep",-0.0876166412433563,2,FALSE,FALSE
"461","Rep",-0.113917951817298,2,FALSE,FALSE
"462","Rep",-0.0800635738950571,2,FALSE,FALSE
"463","Rep",-0.117645900446981,2,FALSE,FALSE
"464","Rep",-0.0972396649139606,2,FALSE,FALSE
"465","Rep",-0.14159946888058,2,FALSE,FALSE
"466","Rep",-0.12141859978984,2,FALSE,FALSE
"467","Rep",-0.11907569342203,2,FALSE,FALSE
"468","Rep",-0.122963609462681,2,FALSE,FALSE
"469","Rep",-0.169468026398568,2,FALSE,FALSE
"470","Rep",-0.0914744658785561,2,FALSE,FALSE
"471","Rep",-0.120716445669351,2,FALSE,FALSE
"472","Rep",-0.0931558606804965,2,FALSE,FALSE
"473","Rep",-0.114772660193596,2,FALSE,FALSE
"474","Rep",-0.124217088492811,2,FALSE,FALSE
"475","Rep",-0.116899214409787,2,FALSE,FALSE
"476","Rep",-0.113393372395096,2,FALSE,FALSE
"477","Rep",-0.107372158039587,2,FALSE,FALSE
"478","Rep",-0.131631440519893,2,FALSE,FALSE
"479","Rep",-0.131429521681489,2,FALSE,FALSE
"480","Rep",-0.142265371751512,2,FALSE,FALSE
"481","Rep",-0.146521517541084,2,FALSE,FALSE
"482","Rep",-0.154019014424997,2,FALSE,FALSE
"483","Rep",-0.123058029206907,2,FALSE,FALSE
"484","Rep",-0.103989138774988,2,FALSE,FALSE
"485","Rep",-0.137412220060618,2,FALSE,FALSE
"486","Rep",-0.126850897546623,2,FALSE,FALSE
"487","Rep",-0.0687226632522447,2,FALSE,FALSE
"488","Rep",-0.10796471252909,2,FALSE,FALSE
"489","Rep",-0.0907543121334586,2,FALSE,FALSE
"490","Rep",-0.095841992895736,2,FALSE,FALSE
"491","Rep",-0.106493033481477,2,FALSE,FALSE
"492","Rep",-0.117055761760745,2,FALSE,FALSE
"493","Rep",-0.153363457372283,2,FALSE,FALSE
"494","Rep",-0.135783250207689,2,FALSE,FALSE
"495","Rep",-0.120546719692578,2,FALSE,FALSE
"496","Rep",-0.0960528065733828,2,FALSE,FALSE
"497","Rep",-0.105587334516796,2,FALSE,FALSE
"498","Rep",-0.139449953829813,2,FALSE,FALSE
"499","Rep",-0.0948019979912333,2,FALSE,FALSE
"500","Rep",-0.092857376596247,2,FALSE,FALSE
"501","Rep",-0.147973213251303,2,FALSE,FALSE
"502","Rep",-0.107361749702125,2,FALSE,FALSE
"503","Rep",-0.1254161395078,2,FALSE,FALSE
"504","Rep",-0.165259365510727,2,FALSE,FALSE
"505","Rep",-0.0988965189814416,2,FALSE,FALSE
"506","Rep",-0.0855029879439219,2,FALSE,FALSE
"507","Rep",-0.0778506233900479,2,FALSE,FALSE
"508","Rep",-0.0807785363661719,2,FALSE,FALSE
"509","Rep",-0.155842192953792,2,FALSE,FALSE
"510","Rep",-0.141540434765349,2,FALSE,FALSE
"511","Rep",-0.157904956850879,2,FALSE,FALSE
"513","Rep",-0.123728434119834,2,FALSE,FALSE
"514","Rep",-0.108554235402944,2,FALSE,FALSE
"515","Rep",-0.10005760412555,2,FALSE,FALSE
"516","Rep",-0.127921105631854,2,FALSE,FALSE
"517","Rep",-0.149531979434471,2,FALSE,FALSE
"518","Rep",-0.148405856802493,2,FALSE,FALSE
"519","Rep",-0.127397238076526,2,FALSE,FALSE
"520","Rep",-0.111927421936601,2,FALSE,FALSE
"521","Rep",-0.0803003131435829,2,FALSE,FALSE
"522","Rep",-0.0741344571691788,2,FALSE,FALSE
"523","Rep",-0.120842655995913,2,FALSE,FALSE
"524","Rep",-0.117464771498653,2,FALSE,FALSE
"525","Rep",-0.149299873078615,2,FALSE,FALSE
"526","Rep",-0.0933515963199462,2,FALSE,FALSE
"527","Rep",-0.17309207969788,2,FALSE,FALSE
"528","Rep",-0.121401294876108,2,FALSE,FALSE
"529","Rep",-0.0857976556852523,2,FALSE,FALSE
"530","Rep",-0.145734860362878,2,FALSE,FALSE
"531","Rep",-0.13803838019455,2,FALSE,FALSE
"532","Rep",-0.115250854414891,2,FALSE,FALSE
"533","Rep",-0.154396410556222,2,FALSE,FALSE
"534","Rep",-0.0910116041855615,2,FALSE,FALSE
"535","Rep",-0.135545457014568,2,FALSE,FALSE
"536","Rep",-0.119036361390542,2,FALSE,FALSE
"537","Rep",-0.142601787357706,2,FALSE,FALSE
"538","Rep",-0.157399825346394,2,FALSE,FALSE
"539","Rep",-0.128211637793045,2,FALSE,FALSE
"540","Rep",-0.115213770503835,2,FALSE,FALSE
"541","Rep",-0.080278637162801,2,FALSE,FALSE
"542","Rep",-0.123504745299335,2,FALSE,FALSE
"543","Rep",-0.0624764883272206,2,FALSE,FALSE
"544","Rep",-0.157158652539576,2,FALSE,FALSE
"545","Rep",-0.0982278568736855,2,FALSE,FALSE
"547","Rep",-0.111047940644514,2,FALSE,FALSE
"548","Rep",-0.0928349844961157,2,FALSE,FALSE
"549","Rep",-0.158079053792464,2,FALSE,FALSE
"550","Rep",-0.0629764651605749,2,FALSE,FALSE
"551","Rep",-0.174226950924886,2,FALSE,FALSE
"552","Rep",-0.109116614985325,2,FALSE,FALSE
"553","Rep",-0.163168047812376,2,FALSE,FALSE
"555","Rep",-0.100224149369148,2,FALSE,FALSE
"556","Rep",-0.105085463607348,2,FALSE,FALSE
"557","Rep",-0.0859750188183014,2,FALSE,FALSE
"558","Rep",-0.0974610681172585,2,FALSE,FALSE
"559","Rep",-0.0812440885520661,2,FALSE,FALSE
"560","Rep",-0.0919007590005535,2,FALSE,FALSE
"561","Rep",-0.0836495240846614,2,FALSE,FALSE
"562","Rep",-0.148130145919942,2,FALSE,FALSE
"564","Rep",-0.110777153979114,2,FALSE,FALSE
"565","Rep",-0.0961645184012749,2,FALSE,FALSE
"566","Rep",-0.14385245565024,2,FALSE,FALSE
"567","Rep",-0.140501178841151,2,FALSE,FALSE
"569","Rep",-0.172875904517917,2,FALSE,FALSE
"570","Rep",-0.120294175210859,2,FALSE,FALSE
"571","Rep",-0.109139019941146,2,FALSE,FALSE
"572","Rep",-0.11683559430547,2,FALSE,FALSE
"573","Rep",-0.0773328286665815,2,FALSE,FALSE
"574","Rep",-0.0739879596239943,2,FALSE,FALSE
"575","Rep",-0.134027593638835,2,FALSE,FALSE
"576","Rep",-0.121942814612573,2,FALSE,FALSE
"577","Rep",-0.09456459418898,2,FALSE,FALSE
"578","Rep",-0.0851160508310893,2,FALSE,FALSE
"579","Rep",-0.148988082690665,2,FALSE,FALSE
"580","Rep",-0.124095901205075,2,FALSE,FALSE
"581","Rep",-0.132553059992463,2,FALSE,FALSE
"582","Rep",-0.120586728286572,2,FALSE,FALSE
"583","Rep",-0.145440621319606,2,FALSE,FALSE
"584","Rep",-0.0679829791886663,2,FALSE,FALSE
"585","Rep",-0.151540143623193,2,FALSE,FALSE
"586","Rep",-0.131983417476976,2,FALSE,FALSE
"587","Rep",-0.118711420072878,2,FALSE,FALSE
"588","Rep",-0.0904981592538,2,FALSE,FALSE
"589","Rep",-0.168475535866601,2,FALSE,FALSE
"590","Rep",-0.128308355394858,2,FALSE,FALSE
"592","Rep",-0.11178758781523,2,FALSE,FALSE
"593","Rep",-0.0960597736300438,2,FALSE,FALSE
"594","Rep",-0.139389253850877,2,FALSE,FALSE
"595","Rep",-0.150167954641723,2,FALSE,FALSE
"596","Rep",-0.116976567196728,2,FALSE,FALSE
"597","Rep",-0.133854467620144,2,FALSE,FALSE
"598","Rep",-0.120726727621131,2,FALSE,FALSE
"600","Rep",-0.117693020827802,2,FALSE,FALSE
"601","Rep",-0.111706611023307,2,FALSE,FALSE
"602","Rep",-0.115469840020272,2,FALSE,FALSE
"603","Rep",-0.102063332671262,2,FALSE,FALSE
"604","Rep",-0.147097875959798,2,FALSE,FALSE
"605","Rep",-0.148858917513104,2,FALSE,FALSE
"606","Rep",-0.109867566954684,2,FALSE,FALSE
"607","Rep",-0.110414664539297,2,FALSE,FALSE
"608","Rep",-0.12371288355301,2,FALSE,FALSE
"609","Rep",-0.105727426114458,2,FALSE,FALSE
"610","Rep",-0.108231613413875,2,FALSE,FALSE
"612","Rep",-0.101873306013231,2,FALSE,FALSE
"613","Rep",-0.109646751027095,2,FALSE,FALSE
"614","Rep",-0.0833247424618493,2,FALSE,FALSE
"616","Rep",-0.136113124644349,2,FALSE,FALSE
"617","Rep",-0.13569199063123,2,FALSE,FALSE
"618","Rep",-0.120373395730944,2,FALSE,FALSE
"619","Rep",-0.0766995098727731,2,FALSE,FALSE
"620","Rep",-0.0868650539711016,2,FALSE,FALSE
"621","Rep",-0.142521866938047,2,FALSE,FALSE
"622","Rep",-0.143704327518704,2,FALSE,FALSE
"623","Rep",-0.064184410157038,2,FALSE,FALSE
"624","Rep",-0.152470776826874,2,FALSE,FALSE
"625","Rep",-0.0782550187207117,2,FALSE,FALSE
"627","Rep",-0.151052857960634,2,FALSE,FALSE
"628","Rep",-0.144835590782323,2,FALSE,FALSE
"629","Rep",-0.144982183433897,2,FALSE,FALSE
"630","Rep",-0.0687020961658234,2,FALSE,FALSE
"631","Rep",-0.141944782749939,2,FALSE,FALSE
"632","Rep",-0.0703151380461933,2,FALSE,FALSE
"633","Rep",-0.0986855064463183,2,FALSE,FALSE
"634","Rep",-0.125784478954137,2,FALSE,FALSE
"635","Rep",-0.131304231446094,2,FALSE,FALSE
"636","Rep",-0.113710501606829,2,FALSE,FALSE
"637","Rep",-0.141268161968299,2,FALSE,FALSE
"638","Rep",-0.167599016337556,2,FALSE,FALSE
"639","Rep",-0.14224222891099,2,FALSE,FALSE
"640","Rep",-0.0722108573234577,2,FALSE,FALSE
"641","Rep",-0.117980003249887,2,FALSE,FALSE
"642","Rep",-0.135414057056857,2,FALSE,FALSE
"643","Rep",-0.163944649350811,2,FALSE,FALSE
"644","Rep",-0.121088023788794,2,FALSE,FALSE
"645","Rep",-0.132860633192491,2,FALSE,FALSE
"646","Rep",-0.151114521698881,2,FALSE,FALSE
"647","Rep",-0.16248098010811,2,FALSE,FALSE
"648","Rep",-0.105488103723161,2,FALSE,FALSE
"649","Rep",-0.0790824709911552,2,FALSE,FALSE
"650","Rep",-0.167761528865328,2,FALSE,FALSE
"651","Rep",-0.149073772235808,2,FALSE,FALSE
"652","Rep",-0.0675696937176042,2,FALSE,FALSE
"653","Rep",-0.1534885942523,2,FALSE,FALSE
"654","Rep",-0.135418234695543,2,FALSE,FALSE
"655","Rep",-0.138381304776673,2,FALSE,FALSE
"656","Rep",-0.150169222617493,2,FALSE,FALSE
"657","Rep",-0.0669287647494175,2,FALSE,FALSE
"658","Rep",-0.0683236500108952,2,FALSE,FALSE
"659","Rep",-0.141244882187685,2,FALSE,FALSE
"660","Rep",-0.0763206562469022,2,FALSE,FALSE
"661","Rep",-0.157002349563182,2,FALSE,FALSE
"662","Rep",-0.104470407814359,2,FALSE,FALSE
"663","Rep",-0.157176908357002,2,FALSE,FALSE
"664","Rep",-0.0985824950058557,2,FALSE,FALSE
"665","Rep",-0.115294579633901,2,FALSE,FALSE
"666","Rep",-0.119150184558796,2,FALSE,FALSE
"667","Rep",-0.149509175650374,2,FALSE,FALSE
"668","Rep",-0.104228271884843,2,FALSE,FALSE
"669","Rep",-0.120375726819588,2,FALSE,FALSE
"670","Rep",-0.164943701795842,2,FALSE,FALSE
"671","Rep",-0.170625359495731,2,FALSE,FALSE
"672","Rep",-0.115136889479711,2,FALSE,FALSE
"673","Rep",-0.108135074868656,2,FALSE,FALSE
"674","Rep",-0.140388499008899,2,FALSE,FALSE
"675","Rep",-0.117587040578416,2,FALSE,FALSE
"676","Rep",-0.0986613274229871,2,FALSE,FALSE
"677","Rep",-0.114899038846272,2,FALSE,FALSE
"678","Rep",-0.131351433065887,2,FALSE,FALSE
"679","Rep",-0.126001741786784,2,FALSE,FALSE
"680","Rep",-0.136607480278176,2,FALSE,FALSE
"681","Rep",-0.0721597936798208,2,FALSE,FALSE
"682","Rep",-0.109136555753858,2,FALSE,FALSE
"683","Rep",-0.0969462520262201,2,FALSE,FALSE
"684","Rep",-0.086453013418396,2,FALSE,FALSE
"685","Rep",-0.120745702128814,2,FALSE,FALSE
"686","Rep",-0.120400971697749,2,FALSE,FALSE
"687","Rep",-0.129778319507721,2,FALSE,FALSE
"688","Rep",-0.0867239702903002,2,FALSE,FALSE
"689","Rep",-0.125877649154182,2,FALSE,FALSE
"690","Rep",-0.133538981891316,2,FALSE,FALSE
"691","Rep",-0.120267572511846,2,FALSE,FALSE
"692","Rep",-0.12998137677603,2,FALSE,FALSE
"693","Rep",-0.111953482238616,2,FALSE,FALSE
"694","Rep",-0.138373576808701,2,FALSE,FALSE
"695","Rep",-0.136510098754654,2,FALSE,FALSE
"696","Rep",-0.11474787306222,2,FALSE,FALSE
"697","Rep",-0.135444807605305,2,FALSE,FALSE
"698","Rep",-0.113927978532869,2,FALSE,FALSE
"699","Rep",-0.107950741514963,2,FALSE,FALSE
"700","Rep",-0.12960217749049,2,FALSE,FALSE
"701","Rep",-0.128741523023693,2,FALSE,FALSE
"702","Rep",-0.15605131962223,2,FALSE,FALSE
"703","Rep",-0.15288993042027,2,FALSE,FALSE
"704","Rep",-0.148937190068556,2,FALSE,FALSE
"705","Rep",-0.0801954493724057,2,FALSE,FALSE
"707","Rep",-0.123926605964728,2,FALSE,FALSE
"708","Rep",-0.134198471717408,2,FALSE,FALSE
"709","Rep",-0.124462861684929,2,FALSE,FALSE
"710","Rep",-0.122641129485455,2,FALSE,FALSE
"711","Rep",-0.103233452746818,2,FALSE,FALSE
"712","Rep",-0.147524681691718,2,FALSE,FALSE
"713","Rep",-0.16948059750435,2,FALSE,FALSE
"714","Rep",-0.136159437974419,2,FALSE,FALSE
"715","Rep",-0.0867735065928626,2,FALSE,FALSE
"716","Rep",-0.138800894785262,2,FALSE,FALSE
"717","Rep",-0.13498211972898,2,FALSE,FALSE
"718","Rep",-0.128879611463171,2,FALSE,FALSE
"719","Rep",-0.0958591508991082,2,FALSE,FALSE
"720","Rep",-0.148427724127188,2,FALSE,FALSE
"721","Rep",-0.143127851733627,2,FALSE,FALSE
"722","Rep",-0.100618350021035,2,FALSE,FALSE
"723","Rep",-0.160790190712539,2,FALSE,FALSE
"724","Rep",-0.0919186015714723,2,FALSE,FALSE
"725","Rep",-0.126240940747001,2,FALSE,FALSE
"726","Rep",-0.154437630604814,2,FALSE,FALSE
"727","Rep",-0.116023366689002,2,FALSE,FALSE
"728","Rep",-0.135822454448973,2,FALSE,FALSE
"729","Rep",-0.0949934277669005,2,FALSE,FALSE
"730","Rep",-0.110836634773302,2,FALSE,FALSE
"731","Rep",-0.140730600599162,2,FALSE,FALSE
"732","Rep",-0.123895295379157,2,FALSE,FALSE
"733","Rep",-0.0808657494341588,2,FALSE,FALSE
"734","Rep",-0.117514759234017,2,FALSE,FALSE
"735","Rep",-0.119678542937657,2,FALSE,FALSE
"736","Rep",-0.131548581841902,2,FALSE,FALSE
"737","Rep",-0.122274676024029,2,FALSE,FALSE
"738","Rep",-0.120816987237009,2,FALSE,FALSE
"739","Rep",-0.14527867934695,2,FALSE,FALSE
"740","Rep",-0.118318845224933,2,FALSE,FALSE
"741","Rep",-0.166437770566749,2,FALSE,FALSE
"742","Rep",-0.0924137521933441,2,FALSE,FALSE
"743","Rep",-0.147287012836147,2,FALSE,FALSE
"744","Rep",-0.145185153107328,2,FALSE,FALSE
"745","Rep",-0.0769160978224182,2,FALSE,FALSE
"746","Rep",-0.138678448497997,2,FALSE,FALSE
"747","Rep",-0.119305204875139,2,FALSE,FALSE
"748","Rep",-0.0848592749959624,2,FALSE,FALSE
"749","Rep",-0.111748044860066,2,FALSE,FALSE
"750","Rep",-0.165306878970561,2,FALSE,FALSE
"751","Rep",-0.116515914041343,2,FALSE,FALSE
"752","Rep",-0.103046216920961,2,FALSE,FALSE
"753","Rep",-0.11064728292796,2,FALSE,FALSE
"754","Rep",-0.0944962871106937,2,FALSE,FALSE
"755","Rep",-0.115399171950714,2,FALSE,FALSE
"756","Rep",-0.116670395634493,2,FALSE,FALSE
"757","Rep",-0.115452877728231,2,FALSE,FALSE
"758","Rep",-0.108145055407039,2,FALSE,FALSE
"759","Rep",-0.102281025141887,2,FALSE,FALSE
"760","Rep",-0.136298073215688,2,FALSE,FALSE
"761","Rep",-0.112988096499816,2,FALSE,FALSE
"763","Rep",-0.148718960379341,2,FALSE,FALSE
"764","Rep",-0.0997734662274283,2,FALSE,FALSE
"765","Rep",-0.119618251461286,2,FALSE,FALSE
"766","Rep",-0.153854957510958,2,FALSE,FALSE
"768","Rep",-0.0965141329217064,2,FALSE,FALSE
"769","Rep",-0.106402008064544,2,FALSE,FALSE
"770","Rep",-0.106127075473411,2,FALSE,FALSE
"771","Rep",-0.147613631205798,2,FALSE,FALSE
"772","Rep",-0.074020142936804,2,FALSE,FALSE
"773","Rep",-0.12905425729949,2,FALSE,FALSE
"774","Rep",-0.157195056571215,2,FALSE,FALSE
"775","Rep",-0.0989429335666332,2,FALSE,FALSE
"776","Rep",-0.102616685287707,2,FALSE,FALSE
"777","Rep",-0.168585444695873,2,FALSE,FALSE
"778","Rep",-0.119244006525058,2,FALSE,FALSE
"779","Rep",-0.0749571045504426,2,FALSE,FALSE
"780","Rep",-0.102937264928889,2,FALSE,FALSE
"781","Rep",-0.0765040578542376,2,FALSE,FALSE
"782","Rep",-0.121210593370927,2,FALSE,FALSE
"783","Rep",-0.142582801357684,2,FALSE,FALSE
"784","Rep",-0.125508303586115,2,FALSE,FALSE
"785","Rep",-0.169313012374459,2,FALSE,FALSE
"786","Rep",-0.126180583871186,2,FALSE,FALSE
"787","Rep",-0.161950658432612,2,FALSE,FALSE
"788","Rep",-0.101351580913082,2,FALSE,FALSE
"789","Rep",-0.118832271537311,2,FALSE,FALSE
"790","Rep",-0.11336226444123,2,FALSE,FALSE
"791","Rep",-0.153250016773765,2,FALSE,FALSE
"793","Rep",-0.0869243413034668,2,FALSE,FALSE
"794","Rep",-0.0994836771474504,2,FALSE,FALSE
"795","Rep",-0.149493707661045,2,FALSE,FALSE
"796","Rep",-0.0810928655982891,2,FALSE,FALSE
"797","Rep",-0.140646926208453,2,FALSE,FALSE
"798","Rep",-0.102479133482322,2,FALSE,FALSE
"799","Rep",-0.0915018895702837,2,FALSE,FALSE
"800","Rep",-0.172171546309565,2,FALSE,FALSE
"801","Rep",-0.143917701260099,2,FALSE,FALSE
"802","Rep",-0.139561583801494,2,FALSE,FALSE
"803","Rep",-0.106866657278807,2,FALSE,FALSE
"804","Rep",-0.137089691377307,2,FALSE,FALSE
"805","Rep",-0.143817315657571,2,FALSE,FALSE
"806","Rep",-0.116444643692184,2,FALSE,FALSE
"807","Rep",-0.0970759059776205,2,FALSE,FALSE
"808","Rep",-0.118056830300745,2,FALSE,FALSE
"809","Rep",-0.111690679433156,2,FALSE,FALSE
"810","Rep",-0.0933469470216947,2,FALSE,FALSE
"811","Rep",-0.120207706432336,2,FALSE,FALSE
"812","Rep",-0.128805622496853,2,FALSE,FALSE
"813","Rep",-0.0993962584874918,2,FALSE,FALSE
"814","Rep",-0.0922610801950586,2,FALSE,FALSE
"815","Rep",-0.132625616611777,2,FALSE,FALSE
"817","Rep",-0.105300999035345,2,FALSE,FALSE
"818","Rep",-0.125243967108618,2,FALSE,FALSE
"819","Rep",-0.105444532891995,2,FALSE,FALSE
"820","Rep",-0.144552671382057,2,FALSE,FALSE
"821","Rep",-0.136524501323125,2,FALSE,FALSE
"822","Rep",-0.0700605691197805,2,FALSE,FALSE
"823","Rep",-0.095243435881727,2,FALSE,FALSE
"824","Rep",-0.156420594415027,2,FALSE,FALSE
"825","Rep",-0.162820935236138,2,FALSE,FALSE
"826","Rep",-0.104360252087199,2,FALSE,FALSE
"827","Rep",-0.103861268287608,2,FALSE,FALSE
"828","Rep",-0.113387276222227,2,FALSE,FALSE
"829","Rep",-0.100346767151491,2,FALSE,FALSE
"830","Rep",-0.140663887372016,2,FALSE,FALSE
"832","Rep",-0.150660106779951,2,FALSE,FALSE
"833","Rep",-0.079172007603951,2,FALSE,FALSE
"834","Rep",-0.109042374213731,2,FALSE,FALSE
"835","Rep",-0.113063388078872,2,FALSE,FALSE
"836","Rep",-0.117133554708473,2,FALSE,FALSE
"837","Rep",-0.114787015174789,2,FALSE,FALSE
"838","Rep",-0.0769723445337807,2,FALSE,FALSE
"841","Rep",-0.114350553061264,2,FALSE,FALSE
"842","Rep",-0.145701733369104,2,FALSE,FALSE
"843","Rep",-0.122376052222762,2,FALSE,FALSE
"844","Rep",-0.0986074016181754,2,FALSE,FALSE
"845","Rep",-0.0988238811822711,2,FALSE,FALSE
"846","Rep",-0.0894475865602655,2,FALSE,FALSE
"847","Rep",-0.111370544263031,2,FALSE,FALSE
"848","Rep",-0.12816022134085,2,FALSE,FALSE
"849","Rep",-0.153097089899654,2,FALSE,FALSE
"850","Rep",-0.100765679056,2,FALSE,FALSE
"851","Rep",-0.147024367925007,2,FALSE,FALSE
"852","Rep",-0.121905968522944,2,FALSE,FALSE
"853","Rep",-0.128382458240025,2,FALSE,FALSE
"854","Rep",-0.110205733819986,2,FALSE,FALSE
"855","Rep",-0.12045421191804,2,FALSE,FALSE
"856","Rep",-0.125407962082129,2,FALSE,FALSE
"857","Rep",-0.105515291709044,2,FALSE,FALSE
"858","Rep",-0.164538158979024,2,FALSE,FALSE
"859","Rep",-0.0912040391720738,2,FALSE,FALSE
"860","Rep",-0.158139227804217,2,FALSE,FALSE
"861","Rep",-0.119720905956563,2,FALSE,FALSE
"862","Rep",-0.163880118056716,2,FALSE,FALSE
"863","Rep",-0.165001583793159,2,FALSE,FALSE
"864","Rep",-0.140459912170663,2,FALSE,FALSE
"865","Rep",-0.13505476010085,2,FALSE,FALSE
"866","Rep",-0.0978757381617326,2,FALSE,FALSE
"867","Rep",-0.104073353996068,2,FALSE,FALSE
"868","Rep",-0.145621308776599,2,FALSE,FALSE
"869","Rep",-0.105914222016665,2,FALSE,FALSE
"870","Rep",-0.122013237351699,2,FALSE,FALSE
"871","Rep",-0.127648226142096,2,FALSE,FALSE
"872","Rep",-0.0899949742435808,2,FALSE,FALSE
"873","Rep",-0.0651833574299127,2,FALSE,FALSE
"874","Rep",-0.144057929085531,2,FALSE,FALSE
"875","Rep",-0.118557984764541,2,FALSE,FALSE
"876","Rep",-0.107005823802621,2,FALSE,FALSE
"877","Rep",-0.131185375173097,2,FALSE,FALSE
"878","Rep",-0.159808584658408,2,FALSE,FALSE
"879","Rep",-0.0876252605424814,2,FALSE,FALSE
"880","Rep",-0.137680573625254,2,FALSE,FALSE
"881","Rep",-0.135322870796097,2,FALSE,FALSE
"882","Rep",-0.140335710310649,2,FALSE,FALSE
"883","Rep",-0.126452239606637,2,FALSE,FALSE
"884","Rep",-0.108288430160679,2,FALSE,FALSE
"885","Rep",-0.161154499938327,2,FALSE,FALSE
"886","Rep",-0.141277713470003,2,FALSE,FALSE
"887","Rep",-0.151170049329865,2,FALSE,FALSE
"888","Rep",-0.160595883031115,2,FALSE,FALSE
"889","Rep",-0.09208100326698,2,FALSE,FALSE
"890","Rep",-0.116712815408924,2,FALSE,FALSE
"892","Rep",-0.136179089768049,2,FALSE,FALSE
"893","Rep",-0.0955675257920612,2,FALSE,FALSE
"894","Rep",-0.106446502432306,2,FALSE,FALSE
"895","Rep",-0.106662029362612,2,FALSE,FALSE
"896","Rep",-0.113136394880505,2,FALSE,FALSE
"897","Rep",-0.124634049044237,2,FALSE,FALSE
"898","Rep",-0.0869771805890266,2,FALSE,FALSE
"899","Rep",-0.104678001848752,2,FALSE,FALSE
"900","Rep",-0.0939167033251966,2,FALSE,FALSE
"901","Rep",-0.0906116565473009,2,FALSE,FALSE
"902","Rep",-0.0850961319189251,2,FALSE,FALSE
"903","Rep",-0.0997717510681786,2,FALSE,FALSE
"904","Rep",-0.124682443458696,2,FALSE,FALSE
"905","Rep",-0.107601355827824,2,FALSE,FALSE
"906","Rep",-0.103358380034707,2,FALSE,FALSE
"908","Rep",-0.150982611016849,2,FALSE,FALSE
"909","Rep",-0.133188126910112,2,FALSE,FALSE
"910","Rep",-0.142336751379866,2,FALSE,FALSE
"911","Rep",-0.0929226959907796,2,FALSE,FALSE
"912","Rep",-0.101844508385305,2,FALSE,FALSE
"913","Rep",-0.120070824372069,2,FALSE,FALSE
"914","Rep",-0.11822380344495,2,FALSE,FALSE
"915","Rep",-0.0867122013936176,2,FALSE,FALSE
"916","Rep",-0.0789642140879755,2,FALSE,FALSE
"917","Rep",-0.120933250410042,2,FALSE,FALSE
"918","Rep",-0.142418582443499,2,FALSE,FALSE
"919","Rep",-0.151400696035846,2,FALSE,FALSE
"920","Rep",-0.108081834661937,2,FALSE,FALSE
"921","Rep",-0.111518448930742,2,FALSE,FALSE
"922","Rep",-0.115488141371574,2,FALSE,FALSE
"923","Rep",-0.0895843880648785,2,FALSE,FALSE
"924","Rep",-0.0922584140952123,2,FALSE,FALSE
"925","Rep",-0.0934810033390662,2,FALSE,FALSE
"926","Rep",-0.140278655284379,2,FALSE,FALSE
"927","Rep",-0.10981030238147,2,FALSE,FALSE
"928","Rep",-0.168439382072753,2,FALSE,FALSE
"929","Rep",-0.110342478001299,2,FALSE,FALSE
"930","Rep",-0.0957902135117974,2,FALSE,FALSE
"931","Rep",-0.152586761599594,2,FALSE,FALSE
"932","Rep",-0.146025981728051,2,FALSE,FALSE
"933","Rep",-0.150210027430658,2,FALSE,FALSE
"934","Rep",-0.108975305309557,2,FALSE,FALSE
"936","Rep",-0.13051437698895,2,FALSE,FALSE
"937","Rep",-0.170009975031691,2,FALSE,FALSE
"938","Rep",-0.133214942916417,2,FALSE,FALSE
"939","Rep",-0.103319024161051,2,FALSE,FALSE
"940","Rep",-0.11327967719556,2,FALSE,FALSE
"941","Rep",-0.122126243494019,2,FALSE,FALSE
"942","Rep",-0.155341928743625,2,FALSE,FALSE
"943","Rep",-0.0856739777696,2,FALSE,FALSE
"944","Rep",-0.149527426196423,2,FALSE,FALSE
"945","Rep",-0.124626522039544,2,FALSE,FALSE
"946","Rep",-0.0660799893409337,2,FALSE,FALSE
"947","Rep",-0.114662193327512,2,FALSE,FALSE
"948","Rep",-0.126019857878215,2,FALSE,FALSE
"950","Rep",-0.109879168268424,2,FALSE,FALSE
"951","Rep",-0.0831567867121533,2,FALSE,FALSE
"952","Rep",-0.158102085345382,2,FALSE,FALSE
"953","Rep",-0.110967018101808,2,FALSE,FALSE
"954","Rep",-0.0933896106580717,2,FALSE,FALSE
"955","Rep",-0.12662021547839,2,FALSE,FALSE
"956","Rep",-0.098680431873291,2,FALSE,FALSE
"957","Rep",-0.0614049314714546,2,FALSE,FALSE
"958","Rep",-0.0773276042404993,2,FALSE,FALSE
"959","Rep",-0.122848265414296,2,FALSE,FALSE
"961","Rep",-0.114148386045819,2,FALSE,FALSE
"962","Rep",-0.114320714623604,2,FALSE,FALSE
"963","Rep",-0.101683223915836,2,FALSE,FALSE
"964","Rep",-0.152584282100963,2,FALSE,FALSE
"965","Rep",-0.133577806994582,2,FALSE,FALSE
"966","Rep",-0.175053934024075,2,FALSE,FALSE
"967","Rep",-0.114150831744774,2,FALSE,FALSE
"968","Rep",-0.128632970286431,2,FALSE,FALSE
"969","Rep",-0.0939512239486486,2,FALSE,FALSE
"970","Rep",-0.145822834119482,2,FALSE,FALSE
"971","Rep",-0.133864157458111,2,FALSE,FALSE
"972","Rep",-0.171528620524031,2,FALSE,FALSE
"973","Rep",-0.143472257766109,2,FALSE,FALSE
"974","Rep",-0.0837769356567977,2,FALSE,FALSE
"976","Rep",-0.0883114658782256,2,FALSE,FALSE
"977","Rep",-0.0731055416427796,2,FALSE,FALSE
"978","Rep",-0.0798795258715868,2,FALSE,FALSE
"979","Rep",-0.11083778605117,2,FALSE,FALSE
"980","Rep",-0.101790746897459,2,FALSE,FALSE
"981","Rep",-0.0854330309645562,2,FALSE,FALSE
"982","Rep",-0.127017159701831,2,FALSE,FALSE
"983","Rep",-0.164193478877081,2,FALSE,FALSE
"984","Rep",-0.161491706694541,2,FALSE,FALSE
"985","Rep",-0.100395503986969,2,FALSE,FALSE
"986","Rep",-0.120854585217925,2,FALSE,FALSE
"987","Rep",-0.124340511507598,2,FALSE,FALSE
"988","Rep",-0.120888982024332,2,FALSE,FALSE
"989","Rep",-0.0744016868868582,2,FALSE,FALSE
"990","Rep",-0.0901517785288785,2,FALSE,FALSE
"991","Rep",-0.131120357337095,2,FALSE,FALSE
"992","Rep",-0.0920136405918941,2,FALSE,FALSE
"993","Rep",-0.134900865354429,2,FALSE,FALSE
"994","Rep",-0.148122933914735,2,FALSE,FALSE
"995","Rep",-0.100284101602882,2,FALSE,FALSE
"996","Rep",-0.0837669150208943,2,FALSE,FALSE
"997","Rep",-0.129831005927959,2,FALSE,FALSE
"998","Rep",-0.0849683078844866,2,FALSE,FALSE
"999","Rep",-0.0897629400578917,2,FALSE,FALSE
"1000","Rep",-0.175662424046998,2,FALSE,FALSE
"1001","Dem",0.168222076386915,2,FALSE,FALSE
"1002","Dem",0.183394247128368,2,FALSE,FALSE
"1003","Dem",0.244808264895392,2,FALSE,FALSE
"1004","Dem",0.200547992761811,2,FALSE,FALSE
"1005","Dem",0.217900924094179,2,FALSE,FALSE
"1006","Dem",0.202526447081258,2,FALSE,FALSE
"1007","Dem",0.187958143118524,2,FALSE,FALSE
"1008","Dem",0.200656577324885,2,FALSE,FALSE
"1009","Dem",0.226117379245522,2,FALSE,FALSE
"1010","Dem",0.215629235056856,2,FALSE,FALSE
"1011","Dem",0.13943392740595,2,FALSE,FALSE
"1012","Dem",0.201190932129048,2,FALSE,FALSE
"1013","Dem",0.204195074063994,2,FALSE,FALSE
"1014","Dem",0.181655334210862,2,FALSE,FALSE
"1015","Dem",0.222835465207786,2,FALSE,FALSE
"1016","Dem",0.193393895088963,2,FALSE,FALSE
"1017","Dem",0.223182250942642,2,FALSE,FALSE
"1018","Dem",0.265182873060844,2,FALSE,FALSE
"1021","Dem",0.185787398045652,2,FALSE,FALSE
"1022","Dem",0.218044178006802,2,FALSE,FALSE
"1023","Dem",0.185416010579819,2,FALSE,FALSE
"1024","Dem",0.175193885856212,2,FALSE,FALSE
"1025","Dem",0.222597992849936,2,FALSE,FALSE
"1026","Dem",0.187512270360396,2,FALSE,FALSE
"1027","Dem",0.239675985613109,2,FALSE,FALSE
"1029","Dem",0.209828767551097,2,FALSE,FALSE
"1030","Dem",0.169665510707642,2,FALSE,FALSE
"1031","Dem",0.183172860377994,2,FALSE,FALSE
"1032","Dem",0.202402770036186,2,FALSE,FALSE
"1033","Dem",0.242201079768349,2,FALSE,FALSE
"1034","Dem",0.188220299117,2,FALSE,FALSE
"1035","Dem",0.209391059191765,2,FALSE,FALSE
"1036","Dem",0.143345995655898,2,FALSE,FALSE
"1037","Dem",0.221050051164337,2,FALSE,FALSE
"1038","Dem",0.186491681622534,2,FALSE,FALSE
"1039","Dem",0.171238713785015,2,FALSE,FALSE
"1040","Dem",0.187050294821257,2,FALSE,FALSE
"1041","Dem",0.185875983504017,2,FALSE,FALSE
"1043","Dem",0.25965915123267,2,FALSE,FALSE
"1044","Dem",0.253659554129376,2,FALSE,FALSE
"1045","Dem",0.199247974786823,2,FALSE,FALSE
"1047","Dem",0.209205299130463,2,FALSE,FALSE
"1048","Dem",0.202249307107756,2,FALSE,FALSE
"1049","Dem",0.137221271454933,2,FALSE,FALSE
"1051","Dem",0.271623472575088,2,FALSE,FALSE
"1052","Dem",0.196867560238101,2,FALSE,FALSE
"1054","Dem",0.223346088244956,2,FALSE,FALSE
"1055","Dem",0.227808789215029,2,FALSE,FALSE
"1056","Dem",0.150582819416322,2,FALSE,FALSE
"1057","Dem",0.175905168500778,2,FALSE,FALSE
"1058","Dem",0.162047503222728,2,FALSE,FALSE
"1059","Dem",0.211416998847057,2,FALSE,FALSE
"1060","Dem",0.243757560684462,2,FALSE,FALSE
"1061","Dem",0.246567044289777,2,FALSE,FALSE
"1062","Dem",0.238915929435636,2,FALSE,FALSE
"1063","Dem",0.195451635750838,2,FALSE,FALSE
"1064","Dem",0.196007137792307,2,FALSE,FALSE
"1065","Dem",0.165870146500123,2,FALSE,FALSE
"1066","Dem",0.203319352556565,2,FALSE,FALSE
"1067","Dem",0.165024396114835,2,FALSE,FALSE
"1068","Dem",0.182724606999421,2,FALSE,FALSE
"1069","Dem",0.168557535203005,2,FALSE,FALSE
"1070","Dem",0.234554518598144,2,FALSE,FALSE
"1071","Dem",0.202001082014264,2,FALSE,FALSE
"1072","Dem",0.162535347541397,2,FALSE,FALSE
"1073","Dem",0.224877847492801,2,FALSE,FALSE
"1074","Dem",0.230442743314586,2,FALSE,FALSE
"1075","Dem",0.141890156499167,2,FALSE,FALSE
"1076","Dem",0.212591009956294,2,FALSE,FALSE
"1077","Dem",0.22455060423681,2,FALSE,FALSE
"1078","Dem",0.191436560221752,2,FALSE,FALSE
"1079","Dem",0.234308605850578,2,FALSE,FALSE
"1080","Dem",0.166314265137792,2,FALSE,FALSE
"1081","Dem",0.244181423080211,2,FALSE,FALSE
"1082","Dem",0.167094459006415,2,FALSE,FALSE
"1083","Dem",0.201134472525113,2,FALSE,FALSE
"1084","Dem",0.226378222565853,2,FALSE,FALSE
"1085","Dem",0.164824726118784,2,FALSE,FALSE
"1086","Dem",0.240945772564354,2,FALSE,FALSE
"1087","Dem",0.184109176772221,2,FALSE,FALSE
"1088","Dem",0.194441544967875,2,FALSE,FALSE
"1089","Dem",0.218198352850804,2,FALSE,FALSE
"1090","Dem",0.148792391308921,2,FALSE,FALSE
"1091","Dem",0.185639358157586,2,FALSE,FALSE
"1092","Dem",0.194507088305775,2,FALSE,FALSE
"1093","Dem",0.183595443484823,2,FALSE,FALSE
"1094","Dem",0.1615803751511,2,FALSE,FALSE
"1095","Dem",0.204055692175776,2,FALSE,FALSE
"1096","Dem",0.213384752103484,2,FALSE,FALSE
"1097","Dem",0.190214721955258,2,FALSE,FALSE
"1098","Dem",0.274321393502117,2,FALSE,FALSE
"1099","Dem",0.137337743388386,2,FALSE,FALSE
"1100","Dem",0.188330294796615,2,FALSE,FALSE
"1101","Dem",0.25953831484621,2,FALSE,FALSE
"1102","Dem",0.245480804955146,2,FALSE,FALSE
"1104","Dem",0.226496174894725,2,FALSE,FALSE
"1105","Dem",0.200134361120463,2,FALSE,FALSE
"1106","Dem",0.203119674641197,2,FALSE,FALSE
"1107","Dem",0.191765040942408,2,FALSE,FALSE
"1109","Dem",0.26991282234856,2,FALSE,FALSE
"1110","Dem",0.211083406145017,2,FALSE,FALSE
"1111","Dem",0.208687302890312,2,FALSE,FALSE
"1112","Dem",0.207571126734152,2,FALSE,FALSE
"1113","Dem",0.19508040579028,2,FALSE,FALSE
"1114","Dem",0.20626635933419,2,FALSE,FALSE
"1115","Dem",0.192136648998321,2,FALSE,FALSE
"1116","Dem",0.160753795432908,2,FALSE,FALSE
"1117","Dem",0.196279747525911,2,FALSE,FALSE
"1118","Dem",0.209513768824426,2,FALSE,FALSE
"1119","Dem",0.215022080138096,2,FALSE,FALSE
"1120","Dem",0.213088314462573,2,FALSE,FALSE
"1121","Dem",0.220564544626675,2,FALSE,FALSE
"1122","Dem",0.187180285111043,2,FALSE,FALSE
"1123","Dem",0.165012344179828,2,FALSE,FALSE
"1124","Dem",0.18374513261776,2,FALSE,FALSE
"1125","Dem",0.235335195027908,2,FALSE,FALSE
"1126","Dem",0.234456916208323,2,FALSE,FALSE
"1127","Dem",0.182226561390587,2,FALSE,FALSE
"1128","Dem",0.244125967211298,2,FALSE,FALSE
"1129","Dem",0.20604352959119,2,FALSE,FALSE
"1130","Dem",0.233929525686869,2,FALSE,FALSE
"1131","Dem",0.180390534355047,2,FALSE,FALSE
"1132","Dem",0.179657750393021,2,FALSE,FALSE
"1133","Dem",0.143153536892559,2,FALSE,FALSE
"1134","Dem",0.207530190010751,2,FALSE,FALSE
"1135","Dem",0.238011855487493,2,FALSE,FALSE
"1136","Dem",0.19327012706224,2,FALSE,FALSE
"1137","Dem",0.172913847704779,2,FALSE,FALSE
"1138","Dem",0.173392142377913,2,FALSE,FALSE
"1139","Dem",0.155212030202666,2,FALSE,FALSE
"1140","Dem",0.159986082371338,2,FALSE,FALSE
"1141","Dem",0.210167683222059,2,FALSE,FALSE
"1142","Dem",0.240751632530095,2,FALSE,FALSE
"1143","Dem",0.220131826573749,2,FALSE,FALSE
"1144","Dem",0.17298737090818,2,FALSE,FALSE
"1145","Dem",0.199788990039054,2,FALSE,FALSE
"1146","Dem",0.25289443793631,2,FALSE,FALSE
"1147","Dem",0.219489856912169,2,FALSE,FALSE
"1148","Dem",0.235909331711475,2,FALSE,FALSE
"1149","Dem",0.178539679803709,2,FALSE,FALSE
"1150","Dem",0.254259493655948,2,FALSE,FALSE
"1151","Dem",0.216849047742789,2,FALSE,FALSE
"1152","Dem",0.203293832308599,2,FALSE,FALSE
"1153","Dem",0.199725203828265,2,FALSE,FALSE
"1154","Dem",0.215831878126332,2,FALSE,FALSE
"1155","Dem",0.206669590478641,2,FALSE,FALSE
"1156","Dem",0.17437550676528,2,FALSE,FALSE
"1157","Dem",0.223367326766677,2,FALSE,FALSE
"1158","Dem",0.241924612370299,2,FALSE,FALSE
"1159","Dem",0.185776109221345,2,FALSE,FALSE
"1160","Dem",0.220066462235547,2,FALSE,FALSE
"1161","Dem",0.164091997264457,2,FALSE,FALSE
"1162","Dem",0.165149719192329,2,FALSE,FALSE
"1163","Dem",0.201755664626734,2,FALSE,FALSE
"1164","Dem",0.169463592369746,2,FALSE,FALSE
"1165","Dem",0.141207785562582,2,FALSE,FALSE
"1166","Dem",0.205105212744454,2,FALSE,FALSE
"1167","Dem",0.231294654021279,2,FALSE,FALSE
"1168","Dem",0.268067111592901,2,FALSE,FALSE
"1169","Dem",0.190340779889582,2,FALSE,FALSE
"1170","Dem",0.166282975379054,2,FALSE,FALSE
"1171","Dem",0.241009609068139,2,FALSE,FALSE
"1172","Dem",0.178755315143866,2,FALSE,FALSE
"1173","Dem",0.164085516868105,2,FALSE,FALSE
"1174","Dem",0.224829471498362,2,FALSE,FALSE
"1175","Dem",0.15613902240129,2,FALSE,FALSE
"1176","Dem",0.208089132956617,2,FALSE,FALSE
"1177","Dem",0.186231957478358,2,FALSE,FALSE
"1178","Dem",0.14146668708019,2,FALSE,FALSE
"1179","Dem",0.175427421617456,2,FALSE,FALSE
"1180","Dem",0.179586833643184,2,FALSE,FALSE
"1181","Dem",0.244813890996279,2,FALSE,FALSE
"1182","Dem",0.157178615223646,2,FALSE,FALSE
"1183","Dem",0.210447710720438,2,FALSE,FALSE
"1184","Dem",0.254631758760568,2,FALSE,FALSE
"1185","Dem",0.211558287974621,2,FALSE,FALSE
"1186","Dem",0.210606520015477,2,FALSE,FALSE
"1187","Dem",0.211729732033683,2,FALSE,FALSE
"1188","Dem",0.196729555342497,2,FALSE,FALSE
"1189","Dem",0.243663044375897,2,FALSE,FALSE
"1191","Dem",0.236249378935747,2,FALSE,FALSE
"1192","Dem",0.184012294859563,2,FALSE,FALSE
"1193","Dem",0.241341056329937,2,FALSE,FALSE
"1194","Dem",0.185615355436943,2,FALSE,FALSE
"1195","Dem",0.220516267111115,2,FALSE,FALSE
"1196","Dem",0.163078845336001,2,FALSE,FALSE
"1197","Dem",0.179929811951887,2,FALSE,FALSE
"1198","Dem",0.234772789633316,2,FALSE,FALSE
"1199","Dem",0.21933907707718,2,FALSE,FALSE
"1200","Dem",0.1422849849052,2,FALSE,FALSE
"1201","Dem",0.155409519705947,2,FALSE,FALSE
"1202","Dem",0.144712914689919,2,FALSE,FALSE
"1203","Dem",0.169718133938557,2,FALSE,FALSE
"1204","Dem",0.161407262635896,2,FALSE,FALSE
"1205","Dem",0.230569920873928,2,FALSE,FALSE
"1206","Dem",0.198709849138694,2,FALSE,FALSE
"1207","Dem",0.231037958561462,2,FALSE,FALSE
"1208","Dem",0.153968872170742,2,FALSE,FALSE
"1209","Dem",0.185337651102287,2,FALSE,FALSE
"1210","Dem",0.198737380801293,2,FALSE,FALSE
"1211","Dem",0.252779564311216,2,FALSE,FALSE
"1212","Dem",0.205414979994152,2,FALSE,FALSE
"1213","Dem",0.145386199806761,2,FALSE,FALSE
"1215","Dem",0.167381257936333,2,FALSE,FALSE
"1216","Dem",0.214977038663623,2,FALSE,FALSE
"1217","Dem",0.217272997955109,2,FALSE,FALSE
"1218","Dem",0.21801491475452,2,FALSE,FALSE
"1219","Dem",0.259354093236842,2,FALSE,FALSE
"1220","Dem",0.175667851367751,2,FALSE,FALSE
"1221","Dem",0.177744132560845,2,FALSE,FALSE
"1222","Dem",0.202384948403453,2,FALSE,FALSE
"1223","Dem",0.215429489939031,2,FALSE,FALSE
"1224","Dem",0.213417105875263,2,FALSE,FALSE
"1225","Dem",0.198033211400892,2,FALSE,FALSE
"1226","Dem",0.194405987654429,2,FALSE,FALSE
"1227","Dem",0.201003669991506,2,FALSE,FALSE
"1228","Dem",0.218115096076713,2,FALSE,FALSE
"1230","Dem",0.227655230559008,2,FALSE,FALSE
"1231","Dem",0.201782613663388,2,FALSE,FALSE
"1232","Dem",0.247260259579805,2,FALSE,FALSE
"1233","Dem",0.177300864907049,2,FALSE,FALSE
"1234","Dem",0.209929244937258,2,FALSE,FALSE
"1235","Dem",0.210081497854241,2,FALSE,FALSE
"1236","Dem",0.249653557103207,2,FALSE,FALSE
"1237","Dem",0.237074460694777,2,FALSE,FALSE
"1238","Dem",0.19276801216055,2,FALSE,FALSE
"1239","Dem",0.220603117355124,2,FALSE,FALSE
"1240","Dem",0.185193806169837,2,FALSE,FALSE
"1241","Dem",0.191007172658464,2,FALSE,FALSE
"1242","Dem",0.155519881349377,2,FALSE,FALSE
"1243","Dem",0.206639310330387,2,FALSE,FALSE
"1244","Dem",0.143447230790626,2,FALSE,FALSE
"1245","Dem",0.194019911334312,2,FALSE,FALSE
"1246","Dem",0.260392754346226,2,FALSE,FALSE
"1247","Dem",0.20329942347326,2,FALSE,FALSE
"1248","Dem",0.271118621854082,2,FALSE,FALSE
"1249","Dem",0.163681762958197,2,FALSE,FALSE
"1250","Dem",0.202079314045559,2,FALSE,FALSE
"1251","Dem",0.223548042675527,2,FALSE,FALSE
"1252","Dem",0.209773077840728,2,FALSE,FALSE
"1253","Dem",0.175173940008331,2,FALSE,FALSE
"1254","Dem",0.254403425253675,2,FALSE,FALSE
"1255","Dem",0.201688338960573,2,FALSE,FALSE
"1256","Dem",0.138411845526026,2,FALSE,FALSE
"1257","Dem",0.1823927182062,2,FALSE,FALSE
"1258","Dem",0.199964643513269,2,FALSE,FALSE
"1259","Dem",0.205862079977775,2,FALSE,FALSE
"1260","Dem",0.209865748723151,2,FALSE,FALSE
"1261","Dem",0.222477393731168,2,FALSE,FALSE
"1262","Dem",0.213878038715784,2,FALSE,FALSE
"1263","Dem",0.208414392147515,2,FALSE,FALSE
"1264","Dem",0.242835257579539,2,FALSE,FALSE
"1265","Dem",0.205709467861191,2,FALSE,FALSE
"1266","Dem",0.200725108858441,2,FALSE,FALSE
"1267","Dem",0.183527467865347,2,FALSE,FALSE
"1268","Dem",0.20337960646177,2,FALSE,FALSE
"1269","Dem",0.23726516236305,2,FALSE,FALSE
"1271","Dem",0.254064473966457,2,FALSE,FALSE
"1273","Dem",0.188236537284682,2,FALSE,FALSE
"1275","Dem",0.206073131203043,2,FALSE,FALSE
"1276","Dem",0.209702509135653,2,FALSE,FALSE
"1277","Dem",0.232898979275283,2,FALSE,FALSE
"1278","Dem",0.239366862750741,2,FALSE,FALSE
"1279","Dem",0.222029635868741,2,FALSE,FALSE
"1280","Dem",0.256847342386443,2,FALSE,FALSE
"1281","Dem",0.225957256150497,2,FALSE,FALSE
"1282","Dem",0.162027177898713,2,FALSE,FALSE
"1283","Dem",0.266344456593802,2,FALSE,FALSE
"1284","Dem",0.175181961392249,2,FALSE,FALSE
"1285","Dem",0.216473883011183,2,FALSE,FALSE
"1286","Dem",0.22927860711964,2,FALSE,FALSE
"1287","Dem",0.198241073211116,2,FALSE,FALSE
"1288","Dem",0.195424228582367,2,FALSE,FALSE
"1289","Dem",0.20467435966359,2,FALSE,FALSE
"1290","Dem",0.185320388307189,2,FALSE,FALSE
"1291","Dem",0.176001358686671,2,FALSE,FALSE
"1292","Dem",0.164308250539243,2,FALSE,FALSE
"1293","Dem",0.249449507360307,2,FALSE,FALSE
"1294","Dem",0.203967246923706,2,FALSE,FALSE
"1295","Dem",0.250527807301411,2,FALSE,FALSE
"1296","Dem",0.170491120225854,2,FALSE,FALSE
"1297","Dem",0.222796329534055,2,FALSE,FALSE
"1298","Dem",0.199710398897183,2,FALSE,FALSE
"1299","Dem",0.213345944894553,2,FALSE,FALSE
"1300","Dem",0.145596552042837,2,FALSE,FALSE
"1301","Dem",0.168899744198203,2,FALSE,FALSE
"1302","Dem",0.182100131520627,2,FALSE,FALSE
"1303","Dem",0.182912347507594,2,FALSE,FALSE
"1304","Dem",0.239457488320112,2,FALSE,FALSE
"1305","Dem",0.191171738690558,2,FALSE,FALSE
"1307","Dem",0.225508800932048,2,FALSE,FALSE
"1308","Dem",0.209069327755573,2,FALSE,FALSE
"1309","Dem",0.160060893635486,2,FALSE,FALSE
"1310","Dem",0.148593621758716,2,FALSE,FALSE
"1311","Dem",0.234328012403497,2,FALSE,FALSE
"1313","Dem",0.234056973347495,2,FALSE,FALSE
"1314","Dem",0.145628064001181,2,FALSE,FALSE
"1315","Dem",0.246415102678146,2,FALSE,FALSE
"1316","Dem",0.184210764934375,2,FALSE,FALSE
"1318","Dem",0.213872334163639,2,FALSE,FALSE
"1320","Dem",0.240690937414863,2,FALSE,FALSE
"1321","Dem",0.16508634397563,2,FALSE,FALSE
"1322","Dem",0.199668533873703,2,FALSE,FALSE
"1323","Dem",0.176968677564735,2,FALSE,FALSE
"1324","Dem",0.270180045404515,2,FALSE,FALSE
"1325","Dem",0.213774383829304,2,FALSE,FALSE
"1326","Dem",0.223702528420385,2,FALSE,FALSE
"1327","Dem",0.160583184358051,2,FALSE,FALSE
"1328","Dem",0.214763920722404,2,FALSE,FALSE
"1329","Dem",0.176744640922644,2,FALSE,FALSE
"1330","Dem",0.201615345308155,2,FALSE,FALSE
"1331","Dem",0.176717393514154,2,FALSE,FALSE
"1332","Dem",0.186397896836927,2,FALSE,FALSE
"1333","Dem",0.206942176847602,2,FALSE,FALSE
"1334","Dem",0.260082494666754,2,FALSE,FALSE
"1335","Dem",0.242847192544692,2,FALSE,FALSE
"1336","Dem",0.212995926615081,2,FALSE,FALSE
"1338","Dem",0.149885610912297,2,FALSE,FALSE
"1339","Dem",0.176729897584992,2,FALSE,FALSE
"1340","Dem",0.227569861484839,2,FALSE,FALSE
"1341","Dem",0.152095532743615,2,FALSE,FALSE
"1342","Dem",0.198632963193413,2,FALSE,FALSE
"1343","Dem",0.204092530682827,2,FALSE,FALSE
"1344","Dem",0.216782575058014,2,FALSE,FALSE
"1345","Dem",0.214265634431096,2,FALSE,FALSE
"1346","Dem",0.196407135927741,2,FALSE,FALSE
"1347","Dem",0.196016168713579,2,FALSE,FALSE
"1348","Dem",0.215134261103435,2,FALSE,FALSE
"1349","Dem",0.150239541337084,2,FALSE,FALSE
"1350","Dem",0.19762794675053,2,FALSE,FALSE
"1351","Dem",0.230061561330829,2,FALSE,FALSE
"1353","Dem",0.271183875865446,2,FALSE,FALSE
"1354","Dem",0.164040781832787,2,FALSE,FALSE
"1355","Dem",0.182670715647576,2,FALSE,FALSE
"1356","Dem",0.231720714420683,2,FALSE,FALSE
"1357","Dem",0.194486500658538,2,FALSE,FALSE
"1359","Dem",0.207905284428613,2,FALSE,FALSE
"1360","Dem",0.207787776213707,2,FALSE,FALSE
"1362","Dem",0.233824224683735,2,FALSE,FALSE
"1363","Dem",0.23757194128658,2,FALSE,FALSE
"1364","Dem",0.189181874353381,2,FALSE,FALSE
"1365","Dem",0.22991035473836,2,FALSE,FALSE
"1366","Dem",0.178473749587201,2,FALSE,FALSE
"1367","Dem",0.183861835741352,2,FALSE,FALSE
"1368","Dem",0.20647470154349,2,FALSE,FALSE
"1369","Dem",0.183471633857324,2,FALSE,FALSE
"1370","Dem",0.22591809725167,2,FALSE,FALSE
"1371","Dem",0.172069335323946,2,FALSE,FALSE
"1372","Dem",0.165561457640953,2,FALSE,FALSE
"1373","Dem",0.149890252432071,2,FALSE,FALSE
"1374","Dem",0.178715380518256,2,FALSE,FALSE
"1376","Dem",0.227746457523326,2,FALSE,FALSE
"1377","Dem",0.202755425953308,2,FALSE,FALSE
"1378","Dem",0.188810600117266,2,FALSE,FALSE
"1379","Dem",0.22517354678252,2,FALSE,FALSE
"1380","Dem",0.228112539295399,2,FALSE,FALSE
"1381","Dem",0.196999590738877,2,FALSE,FALSE
"1382","Dem",0.212970264907146,2,FALSE,FALSE
"1384","Dem",0.212191089737359,2,FALSE,FALSE
"1385","Dem",0.217531201475105,2,FALSE,FALSE
"1386","Dem",0.222920347426385,2,FALSE,FALSE
"1387","Dem",0.223793360687476,2,FALSE,FALSE
"1388","Dem",0.169696181340772,2,FALSE,FALSE
"1389","Dem",0.180873489906735,2,FALSE,FALSE
"1390","Dem",0.206128556671719,2,FALSE,FALSE
"1391","Dem",0.183464335937903,2,FALSE,FALSE
"1392","Dem",0.136065582728203,2,FALSE,FALSE
"1393","Dem",0.214006354319823,2,FALSE,FALSE
"1394","Dem",0.227741464422994,2,FALSE,FALSE
"1395","Dem",0.242457628192101,2,FALSE,FALSE
"1396","Dem",0.189077487801479,2,FALSE,FALSE
"1397","Dem",0.230914819641452,2,FALSE,FALSE
"1398","Dem",0.222762548679419,2,FALSE,FALSE
"1399","Dem",0.205513188932986,2,FALSE,FALSE
"1400","Dem",0.171407417126926,2,FALSE,FALSE
"1401","Dem",0.192010829683955,2,FALSE,FALSE
"1402","Dem",0.163568321293044,2,FALSE,FALSE
"1403","Dem",0.197617855240866,2,FALSE,FALSE
"1404","Dem",0.178925206861993,2,FALSE,FALSE
"1405","Dem",0.248971556602938,2,FALSE,FALSE
"1406","Dem",0.178973831967847,2,FALSE,FALSE
"1407","Dem",0.155838612452334,2,FALSE,FALSE
"1409","Dem",0.192798197668257,2,FALSE,FALSE
"1410","Dem",0.262215991747925,2,FALSE,FALSE
"1411","Dem",0.197828440408026,2,FALSE,FALSE
"1412","Dem",0.262118245558149,2,FALSE,FALSE
"1413","Dem",0.21224420869296,2,FALSE,FALSE
"1415","Dem",0.194743159761254,2,FALSE,FALSE
"1416","Dem",0.193789816619382,2,FALSE,FALSE
"1417","Dem",0.26433460249938,2,FALSE,FALSE
"1418","Dem",0.232645721411279,2,FALSE,FALSE
"1419","Dem",0.19114571788292,2,FALSE,FALSE
"1420","Dem",0.201459353108106,2,FALSE,FALSE
"1421","Dem",0.201950536847622,2,FALSE,FALSE
"1422","Dem",0.20800488984872,2,FALSE,FALSE
"1423","Dem",0.197967363828852,2,FALSE,FALSE
"1424","Dem",0.137005269359766,2,FALSE,FALSE
"1425","Dem",0.148390383866209,2,FALSE,FALSE
"1426","Dem",0.190966352502732,2,FALSE,FALSE
"1427","Dem",0.221396718060803,2,FALSE,FALSE
"1429","Dem",0.192108375378581,2,FALSE,FALSE
"1430","Dem",0.147234268019601,2,FALSE,FALSE
"1431","Dem",0.221461880744905,2,FALSE,FALSE
"1432","Dem",0.247348774062597,2,FALSE,FALSE
"1433","Dem",0.180026052146305,2,FALSE,FALSE
"1434","Dem",0.195143176655331,2,FALSE,FALSE
"1435","Dem",0.174581437498309,2,FALSE,FALSE
"1436","Dem",0.210534828185707,2,FALSE,FALSE
"1437","Dem",0.148910846137293,2,FALSE,FALSE
"1438","Dem",0.243889330821221,2,FALSE,FALSE
"1439","Dem",0.242406590265779,2,FALSE,FALSE
"1440","Dem",0.172792206234631,2,FALSE,FALSE
"1441","Dem",0.176331209157942,2,FALSE,FALSE
"1442","Dem",0.165652858231564,2,FALSE,FALSE
"1443","Dem",0.192198549504523,2,FALSE,FALSE
"1444","Dem",0.193404369030311,2,FALSE,FALSE
"1445","Dem",0.214137823333264,2,FALSE,FALSE
"1446","Dem",0.178345957545433,2,FALSE,FALSE
"1447","Dem",0.180744489932158,2,FALSE,FALSE
"1448","Dem",0.201360109602489,2,FALSE,FALSE
"1449","Dem",0.227906166634137,2,FALSE,FALSE
"1450","Dem",0.199930253601137,2,FALSE,FALSE
"1451","Dem",0.193254333396814,2,FALSE,FALSE
"1452","Dem",0.263460893421864,2,FALSE,FALSE
"1453","Dem",0.204729702368506,2,FALSE,FALSE
"1454","Dem",0.194765576155757,2,FALSE,FALSE
"1455","Dem",0.225196032235014,2,FALSE,FALSE
"1456","Dem",0.232070129753435,2,FALSE,FALSE
"1457","Dem",0.226497093604089,2,FALSE,FALSE
"1458","Dem",0.21761159441852,2,FALSE,FALSE
"1459","Dem",0.223256997112281,2,FALSE,FALSE
"1460","Dem",0.208835633479761,2,FALSE,FALSE
"1461","Dem",0.180375977386381,2,FALSE,FALSE
"1462","Dem",0.177570151087764,2,FALSE,FALSE
"1463","Dem",0.162525072047462,2,FALSE,FALSE
"1464","Dem",0.236879921387011,2,FALSE,FALSE
"1465","Dem",0.18275215500552,2,FALSE,FALSE
"1466","Dem",0.160788392763208,2,FALSE,FALSE
"1467","Dem",0.209274914341646,2,FALSE,FALSE
"1468","Dem",0.18422905384926,2,FALSE,FALSE
"1469","Dem",0.2036829915648,2,FALSE,FALSE
"1470","Dem",0.216729682258232,2,FALSE,FALSE
"1471","Dem",0.182205008695389,2,FALSE,FALSE
"1472","Dem",0.206176662191603,2,FALSE,FALSE
"1473","Dem",0.237903347208681,2,FALSE,FALSE
"1474","Dem",0.227052745369003,2,FALSE,FALSE
"1475","Dem",0.173623820411014,2,FALSE,FALSE
"1476","Dem",0.223453099141128,2,FALSE,FALSE
"1477","Dem",0.176633560793559,2,FALSE,FALSE
"1478","Dem",0.221997344608568,2,FALSE,FALSE
"1479","Dem",0.271897144341484,2,FALSE,FALSE
"1480","Dem",0.157311879941047,2,FALSE,FALSE
"1481","Dem",0.155243595393512,2,FALSE,FALSE
"1482","Dem",0.17567597374748,2,FALSE,FALSE
"1483","Dem",0.204946000395918,2,FALSE,FALSE
"1484","Dem",0.196106427511989,2,FALSE,FALSE
"1485","Dem",0.160239274572508,2,FALSE,FALSE
"1486","Dem",0.18215560272161,2,FALSE,FALSE
"1487","Dem",0.208444650498307,2,FALSE,FALSE
"1488","Dem",0.247342269043439,2,FALSE,FALSE
"1489","Dem",0.162722696967192,2,FALSE,FALSE
"1490","Dem",0.194512460196811,2,FALSE,FALSE
"1491","Dem",0.204057699215392,2,FALSE,FALSE
"1492","Dem",0.147511628679325,2,FALSE,FALSE
"1493","Dem",0.217583867219355,2,FALSE,FALSE
"1494","Dem",0.187358838835323,2,FALSE,FALSE
"1495","Dem",0.21397545788931,2,FALSE,FALSE
"1496","Dem",0.265468467780826,2,FALSE,FALSE
"1497","Dem",0.219668597020073,2,FALSE,FALSE
"1498","Dem",0.222778790187278,2,FALSE,FALSE
"1499","Dem",0.205567907909879,2,FALSE,FALSE
"1500","Dem",0.233865659365097,2,FALSE,FALSE
"1501","Dem",0.167291059543709,2,FALSE,FALSE
"1502","Dem",0.214338896771029,2,FALSE,FALSE
"1503","Dem",0.148327493863891,2,FALSE,FALSE
"1504","Dem",0.191296247347532,2,FALSE,FALSE
"1505","Dem",0.204094665951433,2,FALSE,FALSE
"1507","Dem",0.244138328429616,2,FALSE,FALSE
"1508","Dem",0.227055213054175,2,FALSE,FALSE
"1511","Dem",0.164744331911915,2,FALSE,FALSE
"1512","Dem",0.144600214775088,2,FALSE,FALSE
"1513","Dem",0.243977309598977,2,FALSE,FALSE
"1514","Dem",0.243762791673558,2,FALSE,FALSE
"1515","Dem",0.250418000180791,2,FALSE,FALSE
"1516","Dem",0.253505645741946,2,FALSE,FALSE
"1517","Dem",0.165712810054681,2,FALSE,FALSE
"1518","Dem",0.169244441690885,2,FALSE,FALSE
"1519","Dem",0.162711190338058,2,FALSE,FALSE
"1520","Dem",0.220174211591702,2,FALSE,FALSE
"1521","Dem",0.185329580837684,2,FALSE,FALSE
"1522","Dem",0.207304571634416,2,FALSE,FALSE
"1523","Dem",0.147656123494296,2,FALSE,FALSE
"1524","Dem",0.165819266234426,2,FALSE,FALSE
"1525","Dem",0.171219194397269,2,FALSE,FALSE
"1526","Dem",0.212618262704008,2,FALSE,FALSE
"1528","Dem",0.215500502151223,2,FALSE,FALSE
"1529","Dem",0.242101725081746,2,FALSE,FALSE
"1530","Dem",0.163196289787156,2,FALSE,FALSE
"1531","Dem",0.235682322253963,2,FALSE,FALSE
"1532","Dem",0.244215606906423,2,FALSE,FALSE
"1533","Dem",0.196662955756226,2,FALSE,FALSE
"1534","Dem",0.143568153639996,2,FALSE,FALSE
"1535","Dem",0.147172139479589,2,FALSE,FALSE
"1536","Dem",0.256839063652382,2,FALSE,FALSE
"1537","Dem",0.214656629810346,2,FALSE,FALSE
"1538","Dem",0.20289047736061,2,FALSE,FALSE
"1539","Dem",0.142429705647919,2,FALSE,FALSE
"1540","Dem",0.24680264663356,2,FALSE,FALSE
"1541","Dem",0.232479295167456,2,FALSE,FALSE
"1542","Dem",0.187732475757827,2,FALSE,FALSE
"1543","Dem",0.221661541702776,2,FALSE,FALSE
"1544","Dem",0.182293947015416,2,FALSE,FALSE
"1545","Dem",0.241651994903047,2,FALSE,FALSE
"1546","Dem",0.247268829535416,2,FALSE,FALSE
"1547","Dem",0.209477457384763,2,FALSE,FALSE
"1548","Dem",0.268198943409817,2,FALSE,FALSE
"1549","Dem",0.231079795668861,2,FALSE,FALSE
"1550","Dem",0.192306670999975,2,FALSE,FALSE
"1551","Dem",0.194307285111392,2,FALSE,FALSE
"1552","Dem",0.236804717916091,2,FALSE,FALSE
"1553","Dem",0.188190774068521,2,FALSE,FALSE
"1554","Dem",0.206033194081736,2,FALSE,FALSE
"1556","Dem",0.209544654593714,2,FALSE,FALSE
"1557","Dem",0.214983617829352,2,FALSE,FALSE
"1559","Dem",0.256107559343521,2,FALSE,FALSE
"1560","Dem",0.242551463673422,2,FALSE,FALSE
"1561","Dem",0.233783121155454,2,FALSE,FALSE
"1562","Dem",0.225038488851259,2,FALSE,FALSE
"1563","Dem",0.192710083629073,2,FALSE,FALSE
"1564","Dem",0.218275969468996,2,FALSE,FALSE
"1565","Dem",0.166630065665088,2,FALSE,FALSE
"1566","Dem",0.219172173142379,2,FALSE,FALSE
"1568","Dem",0.234773431811699,2,FALSE,FALSE
"1569","Dem",0.153603151228982,2,FALSE,FALSE
"1570","Dem",0.189922788140464,2,FALSE,FALSE
"1571","Dem",0.150691920856085,2,FALSE,FALSE
"1572","Dem",0.226567896975048,2,FALSE,FALSE
"1573","Dem",0.156125277129674,2,FALSE,FALSE
"1574","Dem",0.218948724638303,2,FALSE,FALSE
"1575","Dem",0.154913888136804,2,FALSE,FALSE
"1576","Dem",0.1824867988099,2,FALSE,FALSE
"1577","Dem",0.189307748642546,2,FALSE,FALSE
"1578","Dem",0.203311199650634,2,FALSE,FALSE
"1579","Dem",0.211374848710122,2,FALSE,FALSE
"1580","Dem",0.256208857458391,2,FALSE,FALSE
"1581","Dem",0.224911623889713,2,FALSE,FALSE
"1582","Dem",0.190067162777733,2,FALSE,FALSE
"1583","Dem",0.151193516213274,2,FALSE,FALSE
"1584","Dem",0.181698951577762,2,FALSE,FALSE
"1585","Dem",0.254789400471186,2,FALSE,FALSE
"1586","Dem",0.247863968445534,2,FALSE,FALSE
"1587","Dem",0.204701009033762,2,FALSE,FALSE
"1588","Dem",0.158812061042169,2,FALSE,FALSE
"1589","Dem",0.179732294207269,2,FALSE,FALSE
"1590","Dem",0.184875722434308,2,FALSE,FALSE
"1591","Dem",0.162121063161393,2,FALSE,FALSE
"1592","Dem",0.229222580184988,2,FALSE,FALSE
"1593","Dem",0.260767893815533,2,FALSE,FALSE
"1594","Dem",0.175966945083372,2,FALSE,FALSE
"1595","Dem",0.199912850138831,2,FALSE,FALSE
"1596","Dem",0.230809498167714,2,FALSE,FALSE
"1597","Dem",0.260122856870431,2,FALSE,FALSE
"1598","Dem",0.178090626476249,2,FALSE,FALSE
"1599","Dem",0.223201204514778,2,FALSE,FALSE
"1600","Dem",0.152089086455766,2,FALSE,FALSE
"1601","Dem",0.181034648206649,2,FALSE,FALSE
"1602","Dem",0.190662613036385,2,FALSE,FALSE
"1603","Dem",0.166843778130163,2,FALSE,FALSE
"1604","Dem",0.143820515827605,2,FALSE,FALSE
"1605","Dem",0.169999162345166,2,FALSE,FALSE
"1606","Dem",0.223876957986843,2,FALSE,FALSE
"1607","Dem",0.195875595597919,2,FALSE,FALSE
"1608","Dem",0.209203844742381,2,FALSE,FALSE
"1609","Dem",0.24051482197619,2,FALSE,FALSE
"1610","Dem",0.218057810342225,2,FALSE,FALSE
"1611","Dem",0.187578487684229,2,FALSE,FALSE
"1612","Dem",0.197371699857382,2,FALSE,FALSE
"1613","Dem",0.240588177818299,2,FALSE,FALSE
"1614","Dem",0.227670761904327,2,FALSE,FALSE
"1615","Dem",0.213419986391127,2,FALSE,FALSE
"1616","Dem",0.221923731997387,2,FALSE,FALSE
"1617","Dem",0.182496761247078,2,FALSE,FALSE
"1618","Dem",0.182461048272858,2,FALSE,FALSE
"1619","Dem",0.171802020242014,2,FALSE,FALSE
"1620","Dem",0.203173072772381,2,FALSE,FALSE
"1621","Dem",0.23688310993329,2,FALSE,FALSE
"1622","Dem",0.169832645713947,2,FALSE,FALSE
"1623","Dem",0.255442305044985,2,FALSE,FALSE
"1624","Dem",0.173365100936708,2,FALSE,FALSE
"1625","Dem",0.239967872380848,2,FALSE,FALSE
"1626","Dem",0.168188395697157,2,FALSE,FALSE
"1627","Dem",0.185382684208659,2,FALSE,FALSE
"1629","Dem",0.154783290166084,2,FALSE,FALSE
"1630","Dem",0.142956459383567,2,FALSE,FALSE
"1631","Dem",0.197754649883783,2,FALSE,FALSE
"1632","Dem",0.143301062833692,2,FALSE,FALSE
"1633","Dem",0.178650898578881,2,FALSE,FALSE
"1634","Dem",0.158822393430509,2,FALSE,FALSE
"1635","Dem",0.17995421821983,2,FALSE,FALSE
"1636","Dem",0.215235715167718,2,FALSE,FALSE
"1637","Dem",0.213986845052981,2,FALSE,FALSE
"1638","Dem",0.20110550207421,2,FALSE,FALSE
"1639","Dem",0.196568914566643,2,FALSE,FALSE
"1640","Dem",0.197306873913995,2,FALSE,FALSE
"1641","Dem",0.204192971738105,2,FALSE,FALSE
"1642","Dem",0.201345893958782,2,FALSE,FALSE
"1643","Dem",0.14379449396509,2,FALSE,FALSE
"1644","Dem",0.226058295303937,2,FALSE,FALSE
"1645","Dem",0.213442379183937,2,FALSE,FALSE
"1646","Dem",0.207719012363997,2,FALSE,FALSE
"1647","Dem",0.201365358181704,2,FALSE,FALSE
"1648","Dem",0.160839070845938,2,FALSE,FALSE
"1649","Dem",0.201166612318022,2,FALSE,FALSE
"1650","Dem",0.175228261740775,2,FALSE,FALSE
"1651","Dem",0.181186946122195,2,FALSE,FALSE
"1652","Dem",0.190754271132582,2,FALSE,FALSE
"1653","Dem",0.224987498723248,2,FALSE,FALSE
"1654","Dem",0.178039782009911,2,FALSE,FALSE
"1655","Dem",0.162566758321951,2,FALSE,FALSE
"1656","Dem",0.202493922513628,2,FALSE,FALSE
"1657","Dem",0.187172626033887,2,FALSE,FALSE
"1658","Dem",0.217969645146629,2,FALSE,FALSE
"1659","Dem",0.220575445107971,2,FALSE,FALSE
"1660","Dem",0.221577721161729,2,FALSE,FALSE
"1661","Dem",0.205137661787178,2,FALSE,FALSE
"1662","Dem",0.199871630133723,2,FALSE,FALSE
"1663","Dem",0.267859306631166,2,FALSE,FALSE
"1664","Dem",0.181476309024367,2,FALSE,FALSE
"1665","Dem",0.25493964759765,2,FALSE,FALSE
"1666","Dem",0.227861082127143,2,FALSE,FALSE
"1667","Dem",0.210413600478841,2,FALSE,FALSE
"1668","Dem",0.16205832565094,2,FALSE,FALSE
"1669","Dem",0.197527710036923,2,FALSE,FALSE
"1671","Dem",0.198787268784071,2,FALSE,FALSE
"1672","Dem",0.236294542251948,2,FALSE,FALSE
"1673","Dem",0.199818451286821,2,FALSE,FALSE
"1675","Dem",0.186177480943034,2,FALSE,FALSE
"1676","Dem",0.161022158543495,2,FALSE,FALSE
"1677","Dem",0.205373706048536,2,FALSE,FALSE
"1678","Dem",0.165285079145024,2,FALSE,FALSE
"1679","Dem",0.168075608852065,2,FALSE,FALSE
"1680","Dem",0.238402553524543,2,FALSE,FALSE
"1681","Dem",0.191313358345646,2,FALSE,FALSE
"1682","Dem",0.203055016655929,2,FALSE,FALSE
"1683","Dem",0.256502621086289,2,FALSE,FALSE
"1684","Dem",0.250776114972129,2,FALSE,FALSE
"1685","Dem",0.147971786016871,2,FALSE,FALSE
"1686","Dem",0.183148006016009,2,FALSE,FALSE
"1687","Dem",0.18871020627543,2,FALSE,FALSE
"1688","Dem",0.197321708167402,2,FALSE,FALSE
"1689","Dem",0.193647459935983,2,FALSE,FALSE
"1690","Dem",0.198850847553829,2,FALSE,FALSE
"1691","Dem",0.220669342121871,2,FALSE,FALSE
"1692","Dem",0.216743690631294,2,FALSE,FALSE
"1693","Dem",0.192280599265903,2,FALSE,FALSE
"1694","Dem",0.174032611096352,2,FALSE,FALSE
"1695","Dem",0.160236649556771,2,FALSE,FALSE
"1696","Dem",0.219748691288273,2,FALSE,FALSE
"1697","Dem",0.229877733270937,2,FALSE,FALSE
"1698","Dem",0.208022520893169,2,FALSE,FALSE
"1699","Dem",0.269764341176552,2,FALSE,FALSE
"1700","Dem",0.141847788909273,2,FALSE,FALSE
"1701","Dem",0.199151434048986,2,FALSE,FALSE
"1702","Dem",0.172523347187652,2,FALSE,FALSE
"1703","Dem",0.202672836811129,2,FALSE,FALSE
"1704","Dem",0.162204837862882,2,FALSE,FALSE
"1705","Dem",0.186102668701799,2,FALSE,FALSE
"1706","Dem",0.157551923751559,2,FALSE,FALSE
"1707","Dem",0.196895118358339,2,FALSE,FALSE
"1708","Dem",0.198782501336033,2,FALSE,FALSE
"1709","Dem",0.181197817587954,2,FALSE,FALSE
"1710","Dem",0.274294176726922,2,FALSE,FALSE
"1711","Dem",0.207244110118441,2,FALSE,FALSE
"1712","Dem",0.226442061025193,2,FALSE,FALSE
"1713","Dem",0.198338152267925,2,FALSE,FALSE
"1714","Dem",0.21122085411462,2,FALSE,FALSE
"1715","Dem",0.184770901608792,2,FALSE,FALSE
"1716","Dem",0.186439124207857,2,FALSE,FALSE
"1717","Dem",0.200781451773133,2,FALSE,FALSE
"1718","Dem",0.174321132162106,2,FALSE,FALSE
"1719","Dem",0.211703044251888,2,FALSE,FALSE
"1720","Dem",0.19580326653333,2,FALSE,FALSE
"1722","Dem",0.222385165946446,2,FALSE,FALSE
"1723","Dem",0.176674138354955,2,FALSE,FALSE
"1724","Dem",0.192502682892298,2,FALSE,FALSE
"1725","Dem",0.212840102469573,2,FALSE,FALSE
"1726","Dem",0.166917084225331,2,FALSE,FALSE
"1727","Dem",0.246939765963489,2,FALSE,FALSE
"1728","Dem",0.185240403876632,2,FALSE,FALSE
"1729","Dem",0.201488191517378,2,FALSE,FALSE
"1730","Dem",0.237023421428545,2,FALSE,FALSE
"1731","Dem",0.191441593136664,2,FALSE,FALSE
"1732","Dem",0.181118226982257,2,FALSE,FALSE
"1733","Dem",0.163104056013279,2,FALSE,FALSE
"1734","Dem",0.214393564872446,2,FALSE,FALSE
"1735","Dem",0.246188846912096,2,FALSE,FALSE
"1736","Dem",0.191254663798865,2,FALSE,FALSE
"1737","Dem",0.199197776621847,2,FALSE,FALSE
"1738","Dem",0.182703228711738,2,FALSE,FALSE
"1739","Dem",0.188838663978246,2,FALSE,FALSE
"1740","Dem",0.153856910750691,2,FALSE,FALSE
"1741","Dem",0.15874483311764,2,FALSE,FALSE
"1742","Dem",0.259371164985934,2,FALSE,FALSE
"1743","Dem",0.216842059217617,2,FALSE,FALSE
"1744","Dem",0.161493377674497,2,FALSE,FALSE
"1745","Dem",0.202974936281707,2,FALSE,FALSE
"1746","Dem",0.197169679086665,2,FALSE,FALSE
"1747","Dem",0.229368146626393,2,FALSE,FALSE
"1748","Dem",0.163342950819711,2,FALSE,FALSE
"1749","Dem",0.155048982604047,2,FALSE,FALSE
"1750","Dem",0.210094533838451,2,FALSE,FALSE
"1752","Dem",0.168387516448818,2,FALSE,FALSE
"1753","Dem",0.243729126807241,2,FALSE,FALSE
"1754","Dem",0.227092571880328,2,FALSE,FALSE
"1755","Dem",0.216745584568447,2,FALSE,FALSE
"1756","Dem",0.241441651299856,2,FALSE,FALSE
"1757","Dem",0.246557596734513,2,FALSE,FALSE
"1758","Dem",0.180888647424494,2,FALSE,FALSE
"1759","Dem",0.241627597901179,2,FALSE,FALSE
"1760","Dem",0.17791920606752,2,FALSE,FALSE
"1761","Dem",0.156505010125085,2,FALSE,FALSE
"1762","Dem",0.136008107932522,2,FALSE,FALSE
"1763","Dem",0.221560352309705,2,FALSE,FALSE
"1764","Dem",0.221491487855478,2,FALSE,FALSE
"1765","Dem",0.251010672325442,2,FALSE,FALSE
"1766","Dem",0.136324235211442,2,FALSE,FALSE
"1767","Dem",0.246691024652202,2,FALSE,FALSE
"1768","Dem",0.177234001727776,2,FALSE,FALSE
"1769","Dem",0.191987040933957,2,FALSE,FALSE
"1770","Dem",0.168114147196137,2,FALSE,FALSE
"1771","Dem",0.172775686711468,2,FALSE,FALSE
"1772","Dem",0.232726212098889,2,FALSE,FALSE
"1773","Dem",0.202930569731238,2,FALSE,FALSE
"1774","Dem",0.213464279890342,2,FALSE,FALSE
"1775","Dem",0.173857214557991,2,FALSE,FALSE
"1777","Dem",0.273913236487081,2,FALSE,FALSE
"1778","Dem",0.1759525669581,2,FALSE,FALSE
"1779","Dem",0.2029672134059,2,FALSE,FALSE
"1780","Dem",0.172463177253228,2,FALSE,FALSE
"1781","Dem",0.203186301620436,2,FALSE,FALSE
"1782","Dem",0.194447177677835,2,FALSE,FALSE
"1783","Dem",0.175233994335668,2,FALSE,FALSE
"1784","Dem",0.2386834792837,2,FALSE,FALSE
"1785","Dem",0.210299138702258,2,FALSE,FALSE
"1786","Dem",0.205862965327945,2,FALSE,FALSE
"1787","Dem",0.181309574619593,2,FALSE,FALSE
"1788","Dem",0.247208236484156,2,FALSE,FALSE
"1789","Dem",0.168481978568923,2,FALSE,FALSE
"1790","Dem",0.176459683635624,2,FALSE,FALSE
"1791","Dem",0.221419872775486,2,FALSE,FALSE
"1792","Dem",0.19901830769707,2,FALSE,FALSE
"1793","Dem",0.203625400980688,2,FALSE,FALSE
"1794","Dem",0.220542007986751,2,FALSE,FALSE
"1795","Dem",0.18868764880875,2,FALSE,FALSE
"1796","Dem",0.185588965994044,2,FALSE,FALSE
"1797","Dem",0.217211670683285,2,FALSE,FALSE
"1798","Dem",0.217922867671997,2,FALSE,FALSE
"1799","Dem",0.243871503861923,2,FALSE,FALSE
"1800","Dem",0.175799731678184,2,FALSE,FALSE
"1801","Dem",0.193537040417332,2,FALSE,FALSE
"1802","Dem",0.251099075749732,2,FALSE,FALSE
"1803","Dem",0.18526618039066,2,FALSE,FALSE
"1804","Dem",0.17631700643568,2,FALSE,FALSE
"1805","Dem",0.208956552836412,2,FALSE,FALSE
"1807","Dem",0.206387191665158,2,FALSE,FALSE
"1808","Dem",0.202920858935043,2,FALSE,FALSE
"1809","Dem",0.199514669598401,2,FALSE,FALSE
"1810","Dem",0.215839457386603,2,FALSE,FALSE
"1811","Dem",0.261088982738619,2,FALSE,FALSE
"1812","Dem",0.245477809855782,2,FALSE,FALSE
"1813","Dem",0.196315160562157,2,FALSE,FALSE
"1814","Dem",0.223926167289749,2,FALSE,FALSE
"1815","Dem",0.255693605338076,2,FALSE,FALSE
"1816","Dem",0.220396027022286,2,FALSE,FALSE
"1817","Dem",0.202895911506193,2,FALSE,FALSE
"1818","Dem",0.157511329868147,2,FALSE,FALSE
"1819","Dem",0.187245127811114,2,FALSE,FALSE
"1820","Dem",0.156346490774327,2,FALSE,FALSE
"1821","Dem",0.173598437435872,2,FALSE,FALSE
"1822","Dem",0.223872472716866,2,FALSE,FALSE
"1823","Dem",0.230078769382697,2,FALSE,FALSE
"1824","Dem",0.228077237543548,2,FALSE,FALSE
"1825","Dem",0.15392679086685,2,FALSE,FALSE
"1826","Dem",0.1685229520165,2,FALSE,FALSE
"1827","Dem",0.223040435073268,2,FALSE,FALSE
"1828","Dem",0.205246491240002,2,FALSE,FALSE
"1829","Dem",0.194690839169076,2,FALSE,FALSE
"1830","Dem",0.209365568478783,2,FALSE,FALSE
"1831","Dem",0.216029897357884,2,FALSE,FALSE
"1832","Dem",0.156564494548143,2,FALSE,FALSE
"1833","Dem",0.208487472097998,2,FALSE,FALSE
"1834","Dem",0.238454639357886,2,FALSE,FALSE
"1835","Dem",0.258250520110621,2,FALSE,FALSE
"1836","Dem",0.196457966097235,2,FALSE,FALSE
"1837","Dem",0.170907618985245,2,FALSE,FALSE
"1838","Dem",0.22736960152398,2,FALSE,FALSE
"1839","Dem",0.2219134141853,2,FALSE,FALSE
"1840","Dem",0.268704855527423,2,FALSE,FALSE
"1841","Dem",0.200638847014527,2,FALSE,FALSE
"1842","Dem",0.147544035801834,2,FALSE,FALSE
"1843","Dem",0.186800841263949,2,FALSE,FALSE
"1844","Dem",0.232875358809059,2,FALSE,FALSE
"1845","Dem",0.205080092126049,2,FALSE,FALSE
"1848","Dem",0.217757049460283,2,FALSE,FALSE
"1849","Dem",0.188825542658438,2,FALSE,FALSE
"1850","Dem",0.193201915704827,2,FALSE,FALSE
"1851","Dem",0.230020124645613,2,FALSE,FALSE
"1853","Dem",0.252871042000296,2,FALSE,FALSE
"1854","Dem",0.178407866413341,2,FALSE,FALSE
"1855","Dem",0.244699885340816,2,FALSE,FALSE
"1856","Dem",0.185022229905777,2,FALSE,FALSE
"1857","Dem",0.166994664729423,2,FALSE,FALSE
"1858","Dem",0.255188971201365,2,FALSE,FALSE
"1859","Dem",0.175125194588698,2,FALSE,FALSE
"1860","Dem",0.19324858679455,2,FALSE,FALSE
"1861","Dem",0.164525767037511,2,FALSE,FALSE
"1862","Dem",0.15514798424403,2,FALSE,FALSE
"1863","Dem",0.218068887793032,2,FALSE,FALSE
"1864","Dem",0.224080647123086,2,FALSE,FALSE
"1865","Dem",0.157069794503846,2,FALSE,FALSE
"1866","Dem",0.191197885728382,2,FALSE,FALSE
"1867","Dem",0.191291506786068,2,FALSE,FALSE
"1868","Dem",0.221597548270071,2,FALSE,FALSE
"1869","Dem",0.199409258288801,2,FALSE,FALSE
"1871","Dem",0.189869998818885,2,FALSE,FALSE
"1872","Dem",0.222893708677487,2,FALSE,FALSE
"1873","Dem",0.172372921720151,2,FALSE,FALSE
"1874","Dem",0.213226645796483,2,FALSE,FALSE
"1875","Dem",0.188373004427506,2,FALSE,FALSE
"1876","Dem",0.229042350094713,2,FALSE,FALSE
"1877","Dem",0.154679176369306,2,FALSE,FALSE
"1878","Dem",0.186714542211997,2,FALSE,FALSE
"1879","Dem",0.244471277227052,2,FALSE,FALSE
"1881","Dem",0.197817819984468,2,FALSE,FALSE
"1882","Dem",0.194035836589168,2,FALSE,FALSE
"1883","Dem",0.153758988390472,2,FALSE,FALSE
"1884","Dem",0.175377447883675,2,FALSE,FALSE
"1885","Dem",0.136615826421401,2,FALSE,FALSE
"1886","Dem",0.209010603885701,2,FALSE,FALSE
"1887","Dem",0.181335707071792,2,FALSE,FALSE
"1888","Dem",0.200104775929388,2,FALSE,FALSE
"1889","Dem",0.203620397200348,2,FALSE,FALSE
"1890","Dem",0.222973627833275,2,FALSE,FALSE
"1891","Dem",0.146991609755819,2,FALSE,FALSE
"1892","Dem",0.174284482443609,2,FALSE,FALSE
"1893","Dem",0.223014441250105,2,FALSE,FALSE
"1894","Dem",0.1754006018991,2,FALSE,FALSE
"1895","Dem",0.213197961140726,2,FALSE,FALSE
"1896","Dem",0.201447946847232,2,FALSE,FALSE
"1897","Dem",0.198206621175958,2,FALSE,FALSE
"1898","Dem",0.181635076375408,2,FALSE,FALSE
"1899","Dem",0.230219833253963,2,FALSE,FALSE
"1900","Dem",0.229133128062442,2,FALSE,FALSE
"1901","Dem",0.225682756220717,2,FALSE,FALSE
"1903","Dem",0.187068920270806,2,FALSE,FALSE
"1904","Dem",0.21279994219163,2,FALSE,FALSE
"1905","Dem",0.202825878149319,2,FALSE,FALSE
"1906","Dem",0.270647761980444,2,FALSE,FALSE
"1907","Dem",0.190043843452222,2,FALSE,FALSE
"1908","Dem",0.172931441053627,2,FALSE,FALSE
"1909","Dem",0.204349133970201,2,FALSE,FALSE
"1910","Dem",0.171390477531559,2,FALSE,FALSE
"1911","Dem",0.243649251161283,2,FALSE,FALSE
"1912","Dem",0.189614441118465,2,FALSE,FALSE
"1913","Dem",0.225200715935013,2,FALSE,FALSE
"1914","Dem",0.221349290523829,2,FALSE,FALSE
"1915","Dem",0.16612270147179,2,FALSE,FALSE
"1916","Dem",0.220728599676871,2,FALSE,FALSE
"1917","Dem",0.219800005017578,2,FALSE,FALSE
"1918","Dem",0.200216177368798,2,FALSE,FALSE
"1919","Dem",0.167956069510896,2,FALSE,FALSE
"1920","Dem",0.228923787014809,2,FALSE,FALSE
"1921","Dem",0.241475008102786,2,FALSE,FALSE
"1922","Dem",0.231880727627354,2,FALSE,FALSE
"1923","Dem",0.190556153645001,2,FALSE,FALSE
"1924","Dem",0.231214696377595,2,FALSE,FALSE
"1925","Dem",0.2044691116418,2,FALSE,FALSE
"1926","Dem",0.185944292828995,2,FALSE,FALSE
"1927","Dem",0.179475775875183,2,FALSE,FALSE
"1928","Dem",0.210520412950471,2,FALSE,FALSE
"1929","Dem",0.161042123991019,2,FALSE,FALSE
"1930","Dem",0.217687873710757,2,FALSE,FALSE
"1931","Dem",0.206324714954614,2,FALSE,FALSE
"1932","Dem",0.201522495956227,2,FALSE,FALSE
"1933","Dem",0.204086622881489,2,FALSE,FALSE
"1934","Dem",0.154338443283539,2,FALSE,FALSE
"1936","Dem",0.195334126501546,2,FALSE,FALSE
"1937","Dem",0.186432008291265,2,FALSE,FALSE
"1938","Dem",0.20542339857343,2,FALSE,FALSE
"1939","Dem",0.14301882961891,2,FALSE,FALSE
"1940","Dem",0.223488084328958,2,FALSE,FALSE
"1942","Dem",0.16566941249129,2,FALSE,FALSE
"1943","Dem",0.219177706888736,2,FALSE,FALSE
"1944","Dem",0.185230732761174,2,FALSE,FALSE
"1945","Dem",0.232789021521807,2,FALSE,FALSE
"1946","Dem",0.183362668709839,2,FALSE,FALSE
"1947","Dem",0.182703911206186,2,FALSE,FALSE
"1948","Dem",0.156449555478828,2,FALSE,FALSE
"1949","Dem",0.205959454237248,2,FALSE,FALSE
"1950","Dem",0.186411364663482,2,FALSE,FALSE
"1951","Dem",0.227512194723847,2,FALSE,FALSE
"1952","Dem",0.226680570476954,2,FALSE,FALSE
"1953","Dem",0.233739426378779,2,FALSE,FALSE
"1954","Dem",0.237418414164184,2,FALSE,FALSE
"1955","Dem",0.194845777341296,2,FALSE,FALSE
"1956","Dem",0.230284502383016,2,FALSE,FALSE
"1957","Dem",0.222495141377535,2,FALSE,FALSE
"1958","Dem",0.167946376293883,2,FALSE,FALSE
"1959","Dem",0.207283694195709,2,FALSE,FALSE
"1960","Dem",0.172220669098787,2,FALSE,FALSE
"1961","Dem",0.20013337388739,2,FALSE,FALSE
"1962","Dem",0.171628681825234,2,FALSE,FALSE
"1963","Dem",0.207322766543764,2,FALSE,FALSE
"1964","Dem",0.197362062838668,2,FALSE,FALSE
"1965","Dem",0.227487118854824,2,FALSE,FALSE
"1966","Dem",0.155304984991032,2,FALSE,FALSE
"1967","Dem",0.186729064178455,2,FALSE,FALSE
"1968","Dem",0.173605906059209,2,FALSE,FALSE
"1969","Dem",0.194824237274792,2,FALSE,FALSE
"1970","Dem",0.191774800712013,2,FALSE,FALSE
"1971","Dem",0.181130023892772,2,FALSE,FALSE
"1972","Dem",0.162172019723726,2,FALSE,FALSE
"1973","Dem",0.208796730594044,2,FALSE,FALSE
"1974","Dem",0.222580762132045,2,FALSE,FALSE
"1975","Dem",0.260737565698566,2,FALSE,FALSE
"1976","Dem",0.205468040799529,2,FALSE,FALSE
"1977","Dem",0.244996802089793,2,FALSE,FALSE
"1978","Dem",0.249536202030214,2,FALSE,FALSE
"1979","Dem",0.184538284924502,2,FALSE,FALSE
"1980","Dem",0.255353406270261,2,FALSE,FALSE
"1981","Dem",0.268024693915487,2,FALSE,FALSE
"1982","Dem",0.220025077310408,2,FALSE,FALSE
"1983","Dem",0.146989061154663,2,FALSE,FALSE
"1984","Dem",0.177709507951168,2,FALSE,FALSE
"1985","Dem",0.214742239234144,2,FALSE,FALSE
"1986","Dem",0.233570720933405,2,FALSE,FALSE
"1987","Dem",0.213321284093906,2,FALSE,FALSE
"1988","Dem",0.229953547000665,2,FALSE,FALSE
"1989","Dem",0.248439356688009,2,FALSE,FALSE
"1990","Dem",0.226369292849143,2,FALSE,FALSE
"1991","Dem",0.19627860405092,2,FALSE,FALSE
"1992","Dem",0.202060822468749,2,FALSE,FALSE
"1993","Dem",0.239202241853015,2,FALSE,FALSE
"1994","Dem",0.177055994309099,2,FALSE,FALSE
"1995","Dem",0.185383642116724,2,FALSE,FALSE
"1996","Dem",0.194731029244499,2,FALSE,FALSE
"1997","Dem",0.174774250386954,2,FALSE,FALSE
"1998","Dem",0.226170275600482,2,FALSE,FALSE
"1999","Dem",0.18566295780524,2,FALSE,FALSE
"2000","Dem",0.163758198805328,2,FALSE,FALSE
